SAMPLE.ID,LAKE.NO,DOY,TAXON,BIOMASS.UG.L,INDV.L,BIOMASS.UG,GROUP
A19041211410,41,211,Alona,NA,NA,NA,SmCladocera
A19041211410,41,211,Alonella,NA,NA,NA,SmCladocera
A19041211410,41,211,Bosmina,NA,NA,NA,Bosmina
A19041211410,41,211,Camptocercus,NA,NA,NA,LgCladocera
A19041211410,41,211,Ceriodaphnia,NA,NA,NA,Ceriodaphnia
A19041211410,41,211,Chydorus,12.63725468,13.99839099,0.902764803,Chydorus
A19041211410,41,211,Daphnia,53.45408425,13.06516492,4.09134401,Daphnia
A19041211410,41,211,Daphnia.lumholtzi,NA,NA,NA,LgCladocera
A19041211410,41,211,Diaphanosoma,NA,NA,NA,LgCladocera
A19041211410,41,211,Graptoleberis,NA,NA,NA,LgCladocera
A19041211410,41,211,Leptodora,NA,NA,NA,LgCladocera
A19041211410,41,211,Moina,NA,NA,NA,LgCladocera
A19041211410,41,211,Pleuroxus,NA,NA,NA,SmCladocera
A19041211410,41,211,Scapholeberis,NA,NA,NA,LgCladocera
A19041211410,41,211,Simocephalus,NA,NA,NA,Simocephalus
A19041211410,41,211,Calanoida,NA,NA,NA,Calanoid
A19041211410,41,211,Cyclopoida,22.92864349,6.532582462,3.509889637,Cyclopoid
A19041211410,41,211,Nauplii,1.39288109,7.465808528,0.186568017,Nauplii
A19041211410,41,211,Anuraeopsis,NA,NA,NA,Rotifer
A19041211410,41,211,Ascomorpha,NA,NA,NA,Rotifer
A19041211410,41,211,Asplanchna,NA,NA,NA,Rotifer
A19041211410,41,211,Asplanchnopus,NA,NA,NA,Rotifer
A19041211410,41,211,Brachionus,NA,NA,NA,Rotifer
A19041211410,41,211,Conochilus,0,NA,0,Rotifer
A19041211410,41,211,Euchlanis,NA,NA,NA,Rotifer
A19041211410,41,211,Filinia,0.165677099,8.399034594,0.019725731,Rotifer
A19041211410,41,211,Gastropus,NA,NA,NA,Rotifer
A19041211410,41,211,Hexarthra,NA,NA,NA,Rotifer
A19041211410,41,211,Kellicottia,NA,NA,NA,Rotifer
A19041211410,41,211,Keratella.cochlearis,0.014697729,11.19871279,0.001312448,Rotifer
A19041211410,41,211,Keratella.quadrata,NA,NA,NA,Rotifer
A19041211410,41,211,Lecane,NA,NA,NA,Rotifer
A19041211410,41,211,Lepadella,NA,NA,NA,Rotifer
A19041211410,41,211,Macrochaetus,NA,NA,NA,Rotifer
A19041211410,41,211,Monostyla,NA,NA,NA,Rotifer
A19041211410,41,211,Mytilina,NA,NA,NA,Rotifer
A19041211410,41,211,Notholca,NA,NA,NA,Rotifer
A19041211410,41,211,Platyias,NA,NA,NA,Rotifer
A19041211410,41,211,Ploesoma,NA,NA,NA,Rotifer
A19041211410,41,211,Polyarthra,NA,NA,NA,Rotifer
A19041211410,41,211,Pompholyx,NA,NA,NA,Rotifer
A19041211410,41,211,Synchaeta,NA,NA,NA,Rotifer
A19041211410,41,211,Testudinella,NA,NA,NA,Rotifer
A19041211410,41,211,Trichocerca,0,NA,0,Rotifer
A19041211410,41,211,Trichotria,NA,NA,NA,Rotifer
A19041211410,41,211,Ostracod,NA,NA,NA,Ostracod
G19041143410,41,143,Alona,NA,NA,NA,SmCladocera
G19041143410,41,143,Alonella,NA,NA,NA,SmCladocera
G19041143410,41,143,Bosmina,16.6854061,19.0560472,0.875596388,Bosmina
G19041143410,41,143,Camptocercus,NA,NA,NA,LgCladocera
G19041143410,41,143,Ceriodaphnia,NA,NA,NA,Ceriodaphnia
G19041143410,41,143,Chydorus,55.44400766,36.99115044,1.498845183,Chydorus
G19041143410,41,143,Daphnia,41.96236265,21.2979351,1.970254978,Daphnia
G19041143410,41,143,Daphnia.lumholtzi,NA,NA,NA,LgCladocera
G19041143410,41,143,Diaphanosoma,NA,NA,NA,LgCladocera
G19041143410,41,143,Graptoleberis,NA,NA,NA,LgCladocera
G19041143410,41,143,Leptodora,NA,NA,NA,LgCladocera
G19041143410,41,143,Moina,NA,NA,NA,LgCladocera
G19041143410,41,143,Pleuroxus,NA,NA,NA,SmCladocera
G19041143410,41,143,Scapholeberis,NA,NA,NA,LgCladocera
G19041143410,41,143,Simocephalus,NA,NA,NA,Simocephalus
G19041143410,41,143,Calanoida,6.703698891,1.120943953,5.980405063,Calanoid
G19041143410,41,143,Cyclopoida,10.70185249,14.57227139,0.73439838,Cyclopoid
G19041143410,41,143,Nauplii,5.107606253,19.0560472,0.268030731,Nauplii
G19041143410,41,143,Anuraeopsis,NA,NA,NA,Rotifer
G19041143410,41,143,Ascomorpha,NA,NA,NA,Rotifer
G19041143410,41,143,Asplanchna,1.969942255,NA,NA,Rotifer
G19041143410,41,143,Asplanchnopus,NA,4.483775811,0.439348964,Rotifer
G19041143410,41,143,Brachionus,NA,NA,NA,Rotifer
G19041143410,41,143,Conochilus,0,NA,0,Rotifer
G19041143410,41,143,Euchlanis,NA,NA,NA,Rotifer
G19041143410,41,143,Filinia,NA,NA,NA,Rotifer
G19041143410,41,143,Gastropus,NA,NA,NA,Rotifer
G19041143410,41,143,Hexarthra,NA,NA,NA,Rotifer
G19041143410,41,143,Kellicottia,NA,NA,NA,Rotifer
G19041143410,41,143,Keratella.cochlearis,0.052765865,22.41887906,0.002353635,Rotifer
G19041143410,41,143,Keratella.quadrata,1.341102646,12.33038348,0.108764066,Rotifer
G19041143410,41,143,Lecane,NA,NA,NA,Rotifer
G19041143410,41,143,Lepadella,NA,NA,NA,Rotifer
G19041143410,41,143,Macrochaetus,NA,NA,NA,Rotifer
G19041143410,41,143,Monostyla,NA,NA,NA,Rotifer
G19041143410,41,143,Mytilina,NA,NA,NA,Rotifer
G19041143410,41,143,Notholca,NA,NA,NA,Rotifer
G19041143410,41,143,Platyias,NA,NA,NA,Rotifer
G19041143410,41,143,Ploesoma,NA,NA,NA,Rotifer
G19041143410,41,143,Polyarthra,NA,NA,NA,Rotifer
G19041143410,41,143,Pompholyx,1.675352953,26.90265487,0.062274633,Rotifer
G19041143410,41,143,Synchaeta,NA,NA,NA,Rotifer
G19041143410,41,143,Testudinella,NA,NA,NA,Rotifer
G19041143410,41,143,Trichocerca,0,NA,0,Rotifer
G19041143410,41,143,Trichotria,NA,NA,NA,Rotifer
G19041143410,41,143,Ostracod,0.023787027,2.241887906,0.010610266,Ostracod
G19041150410,41,150,Alona,NA,NA,NA,SmCladocera
G19041150410,41,150,Alonella,NA,NA,NA,SmCladocera
G19041150410,41,150,Bosmina,6.448091864,11.50442478,0.560487985,Bosmina
G19041150410,41,150,Camptocercus,NA,NA,NA,LgCladocera
G19041150410,41,150,Ceriodaphnia,NA,NA,NA,Ceriodaphnia
G19041150410,41,150,Chydorus,11.5991387,7.96460177,1.456336304,Chydorus
G19041150410,41,150,Daphnia,134.1269536,35.39823009,3.789086439,Daphnia
G19041150410,41,150,Daphnia.lumholtzi,NA,NA,NA,LgCladocera
G19041150410,41,150,Diaphanosoma,NA,NA,NA,LgCladocera
G19041150410,41,150,Graptoleberis,NA,NA,NA,LgCladocera
G19041150410,41,150,Leptodora,NA,NA,NA,LgCladocera
G19041150410,41,150,Moina,NA,NA,NA,LgCladocera
G19041150410,41,150,Pleuroxus,NA,NA,NA,SmCladocera
G19041150410,41,150,Scapholeberis,NA,NA,NA,LgCladocera
G19041150410,41,150,Simocephalus,16.68483117,0.884955752,18.85385923,Simocephalus
G19041150410,41,150,Calanoida,62.59433848,11.50442478,5.440892499,Calanoid
G19041150410,41,150,Cyclopoida,14.68689229,5.309734513,2.766031381,Cyclopoid
G19041150410,41,150,Nauplii,2.355426423,15.92920354,0.147868437,Nauplii
G19041150410,41,150,Anuraeopsis,NA,NA,NA,Rotifer
G19041150410,41,150,Ascomorpha,NA,NA,NA,Rotifer
G19041150410,41,150,Asplanchna,NA,NA,NA,Rotifer
G19041150410,41,150,Asplanchnopus,NA,NA,NA,Rotifer
G19041150410,41,150,Brachionus,NA,NA,NA,Rotifer
G19041150410,41,150,Conochilus,0,NA,0,Rotifer
G19041150410,41,150,Euchlanis,NA,NA,NA,Rotifer
G19041150410,41,150,Filinia,NA,NA,NA,Rotifer
G19041150410,41,150,Gastropus,NA,NA,NA,Rotifer
G19041150410,41,150,Hexarthra,NA,NA,NA,Rotifer
G19041150410,41,150,Kellicottia,NA,NA,NA,Rotifer
G19041150410,41,150,Keratella.cochlearis,0.017681132,7.96460177,0.002219964,Rotifer
G19041150410,41,150,Keratella.quadrata,NA,NA,NA,Rotifer
G19041150410,41,150,Lecane,NA,NA,NA,Rotifer
G19041150410,41,150,Lepadella,NA,NA,NA,Rotifer
G19041150410,41,150,Macrochaetus,NA,NA,NA,Rotifer
G19041150410,41,150,Monostyla,NA,NA,NA,Rotifer
G19041150410,41,150,Mytilina,NA,NA,NA,Rotifer
G19041150410,41,150,Notholca,NA,NA,NA,Rotifer
G19041150410,41,150,Platyias,NA,NA,NA,Rotifer
G19041150410,41,150,Ploesoma,NA,NA,NA,Rotifer
G19041150410,41,150,Polyarthra,NA,NA,NA,Rotifer
G19041150410,41,150,Pompholyx,NA,NA,NA,Rotifer
G19041150410,41,150,Synchaeta,NA,NA,NA,Rotifer
G19041150410,41,150,Testudinella,NA,NA,NA,Rotifer
G19041150410,41,150,Trichocerca,0,NA,0,Rotifer
G19041150410,41,150,Trichotria,NA,NA,NA,Rotifer
G19041150410,41,150,Ostracod,0.037554649,4.424778761,0.008487351,Ostracod
G19041164410,41,164,Alona,NA,NA,NA,SmCladocera
G19041164410,41,164,Alonella,NA,NA,NA,SmCladocera
G19041164410,41,164,Bosmina,0.747770646,0.648967552,1.152246586,Bosmina
G19041164410,41,164,Camptocercus,NA,NA,NA,LgCladocera
G19041164410,41,164,Ceriodaphnia,0.866273094,0.648967552,1.334848085,Ceriodaphnia
G19041164410,41,164,Chydorus,23.49230522,22.71386431,1.034271619,Chydorus
G19041164410,41,164,Daphnia,108.3910456,29.20353982,3.711572169,Daphnia
G19041164410,41,164,Daphnia.lumholtzi,NA,NA,NA,LgCladocera
G19041164410,41,164,Diaphanosoma,NA,NA,NA,LgCladocera
G19041164410,41,164,Graptoleberis,NA,NA,NA,LgCladocera
G19041164410,41,164,Leptodora,NA,NA,NA,LgCladocera
G19041164410,41,164,Moina,NA,NA,NA,LgCladocera
G19041164410,41,164,Pleuroxus,NA,NA,NA,SmCladocera
G19041164410,41,164,Scapholeberis,NA,NA,NA,LgCladocera
G19041164410,41,164,Simocephalus,NA,NA,NA,Simocephalus
G19041164410,41,164,Calanoida,61.30312808,12.97935103,4.723127368,Calanoid
G19041164410,41,164,Cyclopoida,12.6208583,5.840707965,2.16084392,Cyclopoid
G19041164410,41,164,Nauplii,0.787576193,5.840707965,0.134842591,Nauplii
G19041164410,41,164,Anuraeopsis,NA,NA,NA,Rotifer
G19041164410,41,164,Ascomorpha,NA,NA,NA,Rotifer
G19041164410,41,164,Asplanchna,NA,NA,NA,Rotifer
G19041164410,41,164,Asplanchnopus,NA,NA,NA,Rotifer
G19041164410,41,164,Brachionus,NA,NA,NA,Rotifer
G19041164410,41,164,Conochilus,0,NA,0,Rotifer
G19041164410,41,164,Euchlanis,NA,NA,NA,Rotifer
G19041164410,41,164,Filinia,NA,NA,NA,Rotifer
G19041164410,41,164,Gastropus,NA,NA,NA,Rotifer
G19041164410,41,164,Hexarthra,NA,NA,NA,Rotifer
G19041164410,41,164,Kellicottia,NA,NA,NA,Rotifer
G19041164410,41,164,Keratella.cochlearis,0.005264134,3.244837758,0.00162231,Rotifer
G19041164410,41,164,Keratella.quadrata,NA,NA,NA,Rotifer
G19041164410,41,164,Lecane,NA,NA,NA,Rotifer
G19041164410,41,164,Lepadella,NA,NA,NA,Rotifer
G19041164410,41,164,Macrochaetus,NA,NA,NA,Rotifer
G19041164410,41,164,Monostyla,NA,NA,NA,Rotifer
G19041164410,41,164,Mytilina,NA,NA,NA,Rotifer
G19041164410,41,164,Notholca,NA,NA,NA,Rotifer
G19041164410,41,164,Platyias,NA,NA,NA,Rotifer
G19041164410,41,164,Ploesoma,NA,NA,NA,Rotifer
G19041164410,41,164,Polyarthra,NA,NA,NA,Rotifer
G19041164410,41,164,Pompholyx,9.817494385,174.5722714,0.056237421,Rotifer
G19041164410,41,164,Synchaeta,NA,NA,NA,Rotifer
G19041164410,41,164,Testudinella,NA,NA,NA,Rotifer
G19041164410,41,164,Trichocerca,0,NA,0,Rotifer
G19041164410,41,164,Trichotria,NA,NA,NA,Rotifer
G19041164410,41,164,Ostracod,0.062869197,3.89380531,0.016145953,Ostracod
G19041171410,41,171,Alona,NA,NA,NA,SmCladocera
G19041171410,41,171,Alonella,NA,NA,NA,SmCladocera
G19041171410,41,171,Bosmina,NA,NA,NA,Bosmina
G19041171410,41,171,Camptocercus,NA,NA,NA,LgCladocera
G19041171410,41,171,Ceriodaphnia,NA,NA,NA,Ceriodaphnia
G19041171410,41,171,Chydorus,27.21169394,17.40412979,1.563519364,Chydorus
G19041171410,41,171,Daphnia,48.07423815,10.61946903,4.526990759,Daphnia
G19041171410,41,171,Daphnia.lumholtzi,NA,NA,NA,LgCladocera
G19041171410,41,171,Diaphanosoma,NA,NA,NA,LgCladocera
G19041171410,41,171,Graptoleberis,NA,NA,NA,LgCladocera
G19041171410,41,171,Leptodora,NA,NA,NA,LgCladocera
G19041171410,41,171,Moina,NA,NA,NA,LgCladocera
G19041171410,41,171,Pleuroxus,NA,NA,NA,SmCladocera
G19041171410,41,171,Scapholeberis,NA,NA,NA,LgCladocera
G19041171410,41,171,Simocephalus,NA,NA,NA,Simocephalus
G19041171410,41,171,Calanoida,25.1013243,6.784660767,3.699716929,Calanoid
G19041171410,41,171,Cyclopoida,7.390330961,2.949852507,2.505322196,Cyclopoid
G19041171410,41,171,Nauplii,1.527673244,12.09439528,0.126312495,Nauplii
G19041171410,41,171,Anuraeopsis,NA,NA,NA,Rotifer
G19041171410,41,171,Ascomorpha,NA,NA,NA,Rotifer
G19041171410,41,171,Asplanchna,NA,NA,NA,Rotifer
G19041171410,41,171,Asplanchnopus,NA,NA,NA,Rotifer
G19041171410,41,171,Brachionus,NA,NA,NA,Rotifer
G19041171410,41,171,Conochilus,0,NA,0,Rotifer
G19041171410,41,171,Euchlanis,NA,NA,NA,Rotifer
G19041171410,41,171,Filinia,NA,NA,NA,Rotifer
G19041171410,41,171,Gastropus,NA,NA,NA,Rotifer
G19041171410,41,171,Hexarthra,NA,NA,NA,Rotifer
G19041171410,41,171,Kellicottia,NA,NA,NA,Rotifer
G19041171410,41,171,Keratella.cochlearis,0.003476208,2.064896755,0.001683478,Rotifer
G19041171410,41,171,Keratella.quadrata,NA,NA,NA,Rotifer
G19041171410,41,171,Lecane,NA,NA,NA,Rotifer
G19041171410,41,171,Lepadella,NA,NA,NA,Rotifer
G19041171410,41,171,Macrochaetus,NA,NA,NA,Rotifer
G19041171410,41,171,Monostyla,NA,NA,NA,Rotifer
G19041171410,41,171,Mytilina,NA,NA,NA,Rotifer
G19041171410,41,171,Notholca,NA,NA,NA,Rotifer
G19041171410,41,171,Platyias,NA,NA,NA,Rotifer
G19041171410,41,171,Ploesoma,NA,NA,NA,Rotifer
G19041171410,41,171,Polyarthra,NA,NA,NA,Rotifer
G19041171410,41,171,Pompholyx,NA,NA,NA,Rotifer
G19041171410,41,171,Synchaeta,NA,NA,NA,Rotifer
G19041171410,41,171,Testudinella,NA,NA,NA,Rotifer
G19041171410,41,171,Trichocerca,0.744744049,0.884955752,2.524682327,Rotifer
G19041171410,41,171,Trichotria,NA,NA,NA,Rotifer
G19041171410,41,171,Ostracod,0.096579686,3.539823009,0.027283761,Ostracod
G19041178410,41,178,Alona,NA,NA,NA,SmCladocera
G19041178410,41,178,Alonella,NA,NA,NA,SmCladocera
G19041178410,41,178,Bosmina,0.394497755,0.560471976,0.703867047,Bosmina
G19041178410,41,178,Camptocercus,NA,NA,NA,LgCladocera
G19041178410,41,178,Ceriodaphnia,NA,NA,NA,Ceriodaphnia
G19041178410,41,178,Chydorus,1.902015333,1.120943953,1.696797889,Chydorus
G19041178410,41,178,Daphnia,38.49915709,5.044247788,7.632289036,Daphnia
G19041178410,41,178,Daphnia.lumholtzi,NA,NA,NA,LgCladocera
G19041178410,41,178,Diaphanosoma,NA,NA,NA,LgCladocera
G19041178410,41,178,Graptoleberis,NA,NA,NA,LgCladocera
G19041178410,41,178,Leptodora,NA,NA,NA,LgCladocera
G19041178410,41,178,Moina,NA,NA,NA,LgCladocera
G19041178410,41,178,Pleuroxus,NA,NA,NA,SmCladocera
G19041178410,41,178,Scapholeberis,NA,NA,NA,LgCladocera
G19041178410,41,178,Simocephalus,1.79275234,0.280235988,6.397295192,Simocephalus
G19041178410,41,178,Calanoida,4.37958051,0.560471976,7.814093646,Calanoid
G19041178410,41,178,Cyclopoida,1.714904532,0.840707965,2.039833811,Cyclopoid
G19041178410,41,178,Nauplii,1.441913118,10.92920354,0.131932131,Nauplii
G19041178410,41,178,Anuraeopsis,NA,NA,NA,Rotifer
G19041178410,41,178,Ascomorpha,NA,NA,NA,Rotifer
G19041178410,41,178,Asplanchna,NA,NA,NA,Rotifer
G19041178410,41,178,Asplanchnopus,NA,NA,NA,Rotifer
G19041178410,41,178,Brachionus,NA,NA,NA,Rotifer
G19041178410,41,178,Conochilus,0,NA,0,Rotifer
G19041178410,41,178,Euchlanis,NA,NA,NA,Rotifer
G19041178410,41,178,Filinia,NA,NA,NA,Rotifer
G19041178410,41,178,Gastropus,NA,NA,NA,Rotifer
G19041178410,41,178,Hexarthra,NA,NA,NA,Rotifer
G19041178410,41,178,Kellicottia,NA,NA,NA,Rotifer
G19041178410,41,178,Keratella.cochlearis,0.001457484,0.840707965,0.001733639,Rotifer
G19041178410,41,178,Keratella.quadrata,NA,NA,NA,Rotifer
G19041178410,41,178,Lecane,NA,NA,NA,Rotifer
G19041178410,41,178,Lepadella,NA,NA,NA,Rotifer
G19041178410,41,178,Macrochaetus,NA,NA,NA,Rotifer
G19041178410,41,178,Monostyla,NA,NA,NA,Rotifer
G19041178410,41,178,Mytilina,NA,NA,NA,Rotifer
G19041178410,41,178,Notholca,NA,NA,NA,Rotifer
G19041178410,41,178,Platyias,NA,NA,NA,Rotifer
G19041178410,41,178,Ploesoma,NA,NA,NA,Rotifer
G19041178410,41,178,Polyarthra,NA,NA,NA,Rotifer
G19041178410,41,178,Pompholyx,0.00313644,0.280235988,0.01119214,Rotifer
G19041178410,41,178,Synchaeta,NA,NA,NA,Rotifer
G19041178410,41,178,Testudinella,NA,NA,NA,Rotifer
G19041178410,41,178,Trichocerca,0,NA,0,Rotifer
G19041178410,41,178,Trichotria,NA,NA,NA,Rotifer
G19041178410,41,178,Ostracod,0.022756601,1.120943953,0.020301283,Ostracod
G19041192410,41,192,Alona,NA,NA,NA,SmCladocera
G19041192410,41,192,Alonella,NA,NA,NA,SmCladocera
G19041192410,41,192,Bosmina,NA,NA,NA,Bosmina
G19041192410,41,192,Camptocercus,NA,NA,NA,LgCladocera
G19041192410,41,192,Ceriodaphnia,0.243201747,0.103244838,2.355582633,Ceriodaphnia
G19041192410,41,192,Chydorus,2.807943441,2.890855457,0.971319211,Chydorus
G19041192410,41,192,Daphnia,0.137134462,0.103244838,1.328245215,Daphnia
G19041192410,41,192,Daphnia.lumholtzi,NA,NA,NA,LgCladocera
G19041192410,41,192,Diaphanosoma,NA,NA,NA,LgCladocera
G19041192410,41,192,Graptoleberis,NA,NA,NA,LgCladocera
G19041192410,41,192,Leptodora,NA,NA,NA,LgCladocera
G19041192410,41,192,Moina,NA,NA,NA,LgCladocera
G19041192410,41,192,Pleuroxus,NA,NA,NA,SmCladocera
G19041192410,41,192,Scapholeberis,NA,NA,NA,LgCladocera
G19041192410,41,192,Simocephalus,NA,NA,NA,Simocephalus
G19041192410,41,192,Calanoida,NA,NA,NA,Calanoid
G19041192410,41,192,Cyclopoida,NA,NA,NA,Cyclopoid
G19041192410,41,192,Nauplii,0.033147867,0.309734513,0.107020258,Nauplii
G19041192410,41,192,Anuraeopsis,NA,NA,NA,Rotifer
G19041192410,41,192,Ascomorpha,NA,NA,NA,Rotifer
G19041192410,41,192,Asplanchna,NA,NA,NA,Rotifer
G19041192410,41,192,Asplanchnopus,NA,NA,NA,Rotifer
G19041192410,41,192,Brachionus,NA,NA,NA,Rotifer
G19041192410,41,192,Conochilus,0,NA,0,Rotifer
G19041192410,41,192,Euchlanis,NA,NA,NA,Rotifer
G19041192410,41,192,Filinia,NA,NA,NA,Rotifer
G19041192410,41,192,Gastropus,NA,NA,NA,Rotifer
G19041192410,41,192,Hexarthra,NA,NA,NA,Rotifer
G19041192410,41,192,Kellicottia,NA,NA,NA,Rotifer
G19041192410,41,192,Keratella.cochlearis,0.006045775,3.303834808,0.001829927,Rotifer
G19041192410,41,192,Keratella.quadrata,NA,NA,NA,Rotifer
G19041192410,41,192,Lecane,NA,NA,NA,Rotifer
G19041192410,41,192,Lepadella,NA,NA,NA,Rotifer
G19041192410,41,192,Macrochaetus,NA,NA,NA,Rotifer
G19041192410,41,192,Monostyla,NA,NA,NA,Rotifer
G19041192410,41,192,Mytilina,NA,NA,NA,Rotifer
G19041192410,41,192,Notholca,NA,NA,NA,Rotifer
G19041192410,41,192,Platyias,NA,NA,NA,Rotifer
G19041192410,41,192,Ploesoma,NA,NA,NA,Rotifer
G19041192410,41,192,Polyarthra,NA,NA,NA,Rotifer
G19041192410,41,192,Pompholyx,NA,NA,NA,Rotifer
G19041192410,41,192,Synchaeta,NA,NA,NA,Rotifer
G19041192410,41,192,Testudinella,NA,NA,NA,Rotifer
G19041192410,41,192,Trichocerca,0,NA,0,Rotifer
G19041192410,41,192,Trichotria,NA,NA,NA,Rotifer
G19041192410,41,192,Ostracod,NA,NA,NA,Ostracod
G19041199410,41,199,Alona,NA,NA,NA,SmCladocera
G19041199410,41,199,Alonella,NA,NA,NA,SmCladocera
G19041199410,41,199,Bosmina,NA,NA,NA,Bosmina
G19041199410,41,199,Camptocercus,NA,NA,NA,LgCladocera
G19041199410,41,199,Ceriodaphnia,NA,NA,NA,Ceriodaphnia
G19041199410,41,199,Chydorus,20.09982513,15.28023599,1.315413266,Chydorus
G19041199410,41,199,Daphnia,5.362909452,0.619469027,8.657268115,Daphnia
G19041199410,41,199,Daphnia.lumholtzi,NA,NA,NA,LgCladocera
G19041199410,41,199,Diaphanosoma,NA,NA,NA,LgCladocera
G19041199410,41,199,Graptoleberis,NA,NA,NA,LgCladocera
G19041199410,41,199,Leptodora,NA,NA,NA,LgCladocera
G19041199410,41,199,Moina,NA,NA,NA,LgCladocera
G19041199410,41,199,Pleuroxus,NA,NA,NA,SmCladocera
G19041199410,41,199,Scapholeberis,NA,NA,NA,LgCladocera
G19041199410,41,199,Simocephalus,NA,NA,NA,Simocephalus
G19041199410,41,199,Calanoida,1.498753508,0.412979351,3.629124567,Calanoid
G19041199410,41,199,Cyclopoida,0.064674128,0.206489676,0.313207563,Cyclopoid
G19041199410,41,199,Nauplii,0.115664508,0.825958702,0.140036672,Nauplii
G19041199410,41,199,Anuraeopsis,NA,NA,NA,Rotifer
G19041199410,41,199,Ascomorpha,NA,NA,NA,Rotifer
G19041199410,41,199,Asplanchna,NA,NA,NA,Rotifer
G19041199410,41,199,Asplanchnopus,NA,NA,NA,Rotifer
G19041199410,41,199,Brachionus,NA,NA,NA,Rotifer
G19041199410,41,199,Conochilus,0,NA,0,Rotifer
G19041199410,41,199,Euchlanis,NA,NA,NA,Rotifer
G19041199410,41,199,Filinia,NA,NA,NA,Rotifer
G19041199410,41,199,Gastropus,NA,NA,NA,Rotifer
G19041199410,41,199,Hexarthra,NA,NA,NA,Rotifer
G19041199410,41,199,Kellicottia,NA,NA,NA,Rotifer
G19041199410,41,199,Keratella.cochlearis,0.009399229,5.781710914,0.001625683,Rotifer
G19041199410,41,199,Keratella.quadrata,NA,NA,NA,Rotifer
G19041199410,41,199,Lecane,NA,NA,NA,Rotifer
G19041199410,41,199,Lepadella,NA,NA,NA,Rotifer
G19041199410,41,199,Macrochaetus,NA,NA,NA,Rotifer
G19041199410,41,199,Monostyla,NA,NA,NA,Rotifer
G19041199410,41,199,Mytilina,NA,NA,NA,Rotifer
G19041199410,41,199,Notholca,NA,NA,NA,Rotifer
G19041199410,41,199,Platyias,NA,NA,NA,Rotifer
G19041199410,41,199,Ploesoma,NA,NA,NA,Rotifer
G19041199410,41,199,Polyarthra,NA,NA,NA,Rotifer
G19041199410,41,199,Pompholyx,NA,NA,NA,Rotifer
G19041199410,41,199,Synchaeta,NA,NA,NA,Rotifer
G19041199410,41,199,Testudinella,NA,NA,NA,Rotifer
G19041199410,41,199,Trichocerca,0,NA,0,Rotifer
G19041199410,41,199,Trichotria,NA,NA,NA,Rotifer
G19041199410,41,199,Ostracod,NA,NA,NA,Ostracod
G19041206410,41,206,Alona,NA,NA,NA,SmCladocera
G19041206410,41,206,Alonella,NA,NA,NA,SmCladocera
G19041206410,41,206,Bosmina,0.044632726,0.213864307,0.208696469,Bosmina
G19041206410,41,206,Camptocercus,NA,NA,NA,LgCladocera
G19041206410,41,206,Ceriodaphnia,0.285637801,0.213864307,1.33560296,Ceriodaphnia
G19041206410,41,206,Chydorus,3.599200993,3.207964602,1.121957827,Chydorus
G19041206410,41,206,Daphnia,9.292819668,1.069321534,8.690388599,Daphnia
G19041206410,41,206,Daphnia.lumholtzi,NA,NA,NA,LgCladocera
G19041206410,41,206,Diaphanosoma,NA,NA,NA,LgCladocera
G19041206410,41,206,Graptoleberis,NA,NA,NA,LgCladocera
G19041206410,41,206,Leptodora,NA,NA,NA,LgCladocera
G19041206410,41,206,Moina,NA,NA,NA,LgCladocera
G19041206410,41,206,Pleuroxus,NA,NA,NA,SmCladocera
G19041206410,41,206,Scapholeberis,NA,NA,NA,LgCladocera
G19041206410,41,206,Simocephalus,NA,NA,NA,Simocephalus
G19041206410,41,206,Calanoida,4.534473185,0.213864307,21.20257117,Calanoid
G19041206410,41,206,Cyclopoida,3.012647444,0.64159292,4.695574637,Cyclopoid
G19041206410,41,206,Nauplii,0.120610567,1.069321534,0.112791675,Nauplii
G19041206410,41,206,Anuraeopsis,NA,NA,NA,Rotifer
G19041206410,41,206,Ascomorpha,NA,NA,NA,Rotifer
G19041206410,41,206,Asplanchna,NA,NA,NA,Rotifer
G19041206410,41,206,Asplanchnopus,NA,NA,NA,Rotifer
G19041206410,41,206,Brachionus,NA,NA,NA,Rotifer
G19041206410,41,206,Conochilus,0,NA,0,Rotifer
G19041206410,41,206,Euchlanis,NA,NA,NA,Rotifer
G19041206410,41,206,Filinia,0.002041779,0.213864307,0.009547075,Rotifer
G19041206410,41,206,Gastropus,NA,NA,NA,Rotifer
G19041206410,41,206,Hexarthra,NA,NA,NA,Rotifer
G19041206410,41,206,Kellicottia,NA,NA,NA,Rotifer
G19041206410,41,206,Keratella.cochlearis,0.012697429,7.912979351,0.001604633,Rotifer
G19041206410,41,206,Keratella.quadrata,NA,NA,NA,Rotifer
G19041206410,41,206,Lecane,NA,NA,NA,Rotifer
G19041206410,41,206,Lepadella,NA,NA,NA,Rotifer
G19041206410,41,206,Macrochaetus,NA,NA,NA,Rotifer
G19041206410,41,206,Monostyla,NA,NA,NA,Rotifer
G19041206410,41,206,Mytilina,NA,NA,NA,Rotifer
G19041206410,41,206,Notholca,NA,NA,NA,Rotifer
G19041206410,41,206,Platyias,NA,NA,NA,Rotifer
G19041206410,41,206,Ploesoma,NA,NA,NA,Rotifer
G19041206410,41,206,Polyarthra,NA,NA,NA,Rotifer
G19041206410,41,206,Pompholyx,0.004246553,0.213864307,0.019856298,Rotifer
G19041206410,41,206,Synchaeta,NA,NA,NA,Rotifer
G19041206410,41,206,Testudinella,NA,NA,NA,Rotifer
G19041206410,41,206,Trichocerca,0,NA,0,Rotifer
G19041206410,41,206,Trichotria,NA,NA,NA,Rotifer
G19041206410,41,206,Ostracod,0.122470224,1.497050147,0.081807697,Ostracod
G19041213410,41,213,Alona,NA,NA,NA,SmCladocera
G19041213410,41,213,Alonella,NA,NA,NA,SmCladocera
G19041213410,41,213,Bosmina,NA,NA,NA,Bosmina
G19041213410,41,213,Camptocercus,NA,NA,NA,LgCladocera
G19041213410,41,213,Ceriodaphnia,0.328049405,0.168141593,1.951030674,Ceriodaphnia
G19041213410,41,213,Chydorus,0.180665543,0.112094395,1.611726814,Chydorus
G19041213410,41,213,Daphnia,3.715474721,0.280235988,13.25837821,Daphnia
G19041213410,41,213,Daphnia.lumholtzi,NA,NA,NA,LgCladocera
G19041213410,41,213,Diaphanosoma,NA,NA,NA,LgCladocera
G19041213410,41,213,Graptoleberis,NA,NA,NA,LgCladocera
G19041213410,41,213,Leptodora,NA,NA,NA,LgCladocera
G19041213410,41,213,Moina,NA,NA,NA,LgCladocera
G19041213410,41,213,Pleuroxus,NA,NA,NA,SmCladocera
G19041213410,41,213,Scapholeberis,NA,NA,NA,LgCladocera
G19041213410,41,213,Simocephalus,NA,NA,NA,Simocephalus
G19041213410,41,213,Calanoida,1.328289819,0.112094395,11.84974338,Calanoid
G19041213410,41,213,Cyclopoida,0.013617445,0.056047198,0.242963894,Cyclopoid
G19041213410,41,213,Nauplii,0.110545465,0.504424779,0.219151535,Nauplii
G19041213410,41,213,Anuraeopsis,NA,NA,NA,Rotifer
G19041213410,41,213,Ascomorpha,NA,NA,NA,Rotifer
G19041213410,41,213,Asplanchna,NA,NA,NA,Rotifer
G19041213410,41,213,Asplanchnopus,NA,NA,NA,Rotifer
G19041213410,41,213,Brachionus,NA,NA,NA,Rotifer
G19041213410,41,213,Conochilus,0,NA,0,Rotifer
G19041213410,41,213,Euchlanis,NA,NA,NA,Rotifer
G19041213410,41,213,Filinia,NA,NA,NA,Rotifer
G19041213410,41,213,Gastropus,NA,NA,NA,Rotifer
G19041213410,41,213,Hexarthra,NA,NA,NA,Rotifer
G19041213410,41,213,Kellicottia,NA,NA,NA,Rotifer
G19041213410,41,213,Keratella.cochlearis,0.001478761,0.672566372,0.002198684,Rotifer
G19041213410,41,213,Keratella.quadrata,NA,NA,NA,Rotifer
G19041213410,41,213,Lecane,NA,NA,NA,Rotifer
G19041213410,41,213,Lepadella,NA,NA,NA,Rotifer
G19041213410,41,213,Macrochaetus,NA,NA,NA,Rotifer
G19041213410,41,213,Monostyla,NA,NA,NA,Rotifer
G19041213410,41,213,Mytilina,NA,NA,NA,Rotifer
G19041213410,41,213,Notholca,NA,NA,NA,Rotifer
G19041213410,41,213,Platyias,NA,NA,NA,Rotifer
G19041213410,41,213,Ploesoma,NA,NA,NA,Rotifer
G19041213410,41,213,Polyarthra,NA,NA,NA,Rotifer
G19041213410,41,213,Pompholyx,NA,NA,NA,Rotifer
G19041213410,41,213,Synchaeta,NA,NA,NA,Rotifer
G19041213410,41,213,Testudinella,NA,NA,NA,Rotifer
G19041213410,41,213,Trichocerca,0,NA,0,Rotifer
G19041213410,41,213,Trichotria,NA,NA,NA,Rotifer
G19041213410,41,213,Ostracod,0.010264498,0.168141593,0.061046753,Ostracod
G19041220410,41,220,Alona,NA,NA,NA,SmCladocera
G19041220410,41,220,Alonella,NA,NA,NA,SmCladocera
G19041220410,41,220,Bosmina,NA,NA,NA,Bosmina
G19041220410,41,220,Camptocercus,NA,NA,NA,LgCladocera
G19041220410,41,220,Ceriodaphnia,NA,NA,NA,Ceriodaphnia
G19041220410,41,220,Chydorus,0.008623849,0.044247788,0.194898977,Chydorus
G19041220410,41,220,Daphnia,1.201024479,0.398230088,3.015905915,Daphnia
G19041220410,41,220,Daphnia.lumholtzi,NA,NA,NA,LgCladocera
G19041220410,41,220,Diaphanosoma,NA,NA,NA,LgCladocera
G19041220410,41,220,Graptoleberis,NA,NA,NA,LgCladocera
G19041220410,41,220,Leptodora,NA,NA,NA,LgCladocera
G19041220410,41,220,Moina,NA,NA,NA,LgCladocera
G19041220410,41,220,Pleuroxus,NA,NA,NA,SmCladocera
G19041220410,41,220,Scapholeberis,NA,NA,NA,LgCladocera
G19041220410,41,220,Simocephalus,NA,NA,NA,Simocephalus
G19041220410,41,220,Calanoida,0.397403537,0.221238938,1.796263988,Calanoid
G19041220410,41,220,Cyclopoida,0.124153636,0.132743363,0.935290722,Cyclopoid
G19041220410,41,220,Nauplii,0.041192937,0.265486726,0.155160061,Nauplii
G19041220410,41,220,Anuraeopsis,NA,NA,NA,Rotifer
G19041220410,41,220,Ascomorpha,NA,NA,NA,Rotifer
G19041220410,41,220,Asplanchna,NA,NA,NA,Rotifer
G19041220410,41,220,Asplanchnopus,NA,NA,NA,Rotifer
G19041220410,41,220,Brachionus,NA,NA,NA,Rotifer
G19041220410,41,220,Conochilus,0,NA,0,Rotifer
G19041220410,41,220,Euchlanis,NA,NA,NA,Rotifer
G19041220410,41,220,Filinia,NA,NA,NA,Rotifer
G19041220410,41,220,Gastropus,NA,NA,NA,Rotifer
G19041220410,41,220,Hexarthra,NA,NA,NA,Rotifer
G19041220410,41,220,Kellicottia,NA,NA,NA,Rotifer
G19041220410,41,220,Keratella.cochlearis,9.61E-05,0.044247788,0.002172748,Rotifer
G19041220410,41,220,Keratella.quadrata,NA,NA,NA,Rotifer
G19041220410,41,220,Lecane,NA,NA,NA,Rotifer
G19041220410,41,220,Lepadella,NA,NA,NA,Rotifer
G19041220410,41,220,Macrochaetus,NA,NA,NA,Rotifer
G19041220410,41,220,Monostyla,NA,NA,NA,Rotifer
G19041220410,41,220,Mytilina,NA,NA,NA,Rotifer
G19041220410,41,220,Notholca,NA,NA,NA,Rotifer
G19041220410,41,220,Platyias,NA,NA,NA,Rotifer
G19041220410,41,220,Ploesoma,NA,NA,NA,Rotifer
G19041220410,41,220,Polyarthra,NA,NA,NA,Rotifer
G19041220410,41,220,Pompholyx,NA,NA,NA,Rotifer
G19041220410,41,220,Synchaeta,NA,NA,NA,Rotifer
G19041220410,41,220,Testudinella,NA,NA,NA,Rotifer
G19041220410,41,220,Trichocerca,0,NA,0,Rotifer
G19041220410,41,220,Trichotria,NA,NA,NA,Rotifer
G19041220410,41,220,Ostracod,0.00694852,0.044247788,0.157036558,Ostracod
G19041227410,41,227,Alona,NA,NA,NA,SmCladocera
G19041227410,41,227,Alonella,NA,NA,NA,SmCladocera
G19041227410,41,227,Bosmina,NA,NA,NA,Bosmina
G19041227410,41,227,Camptocercus,NA,NA,NA,LgCladocera
G19041227410,41,227,Ceriodaphnia,NA,NA,NA,Ceriodaphnia
G19041227410,41,227,Chydorus,1.903038983,1.91740413,0.992508023,Chydorus
G19041227410,41,227,Daphnia,3.594619952,0.589970501,6.092880819,Daphnia
G19041227410,41,227,Daphnia.lumholtzi,NA,NA,NA,LgCladocera
G19041227410,41,227,Diaphanosoma,NA,NA,NA,LgCladocera
G19041227410,41,227,Graptoleberis,NA,NA,NA,LgCladocera
G19041227410,41,227,Leptodora,NA,NA,NA,LgCladocera
G19041227410,41,227,Moina,NA,NA,NA,LgCladocera
G19041227410,41,227,Pleuroxus,NA,NA,NA,SmCladocera
G19041227410,41,227,Scapholeberis,NA,NA,NA,LgCladocera
G19041227410,41,227,Simocephalus,NA,NA,NA,Simocephalus
G19041227410,41,227,Calanoida,NA,NA,NA,Calanoid
G19041227410,41,227,Cyclopoida,0.798521858,0.442477876,1.804659399,Cyclopoid
G19041227410,41,227,Nauplii,0.008498868,0.073746313,0.115244645,Nauplii
G19041227410,41,227,Anuraeopsis,NA,NA,NA,Rotifer
G19041227410,41,227,Ascomorpha,NA,NA,NA,Rotifer
G19041227410,41,227,Asplanchna,NA,NA,NA,Rotifer
G19041227410,41,227,Asplanchnopus,NA,NA,NA,Rotifer
G19041227410,41,227,Brachionus,NA,NA,NA,Rotifer
G19041227410,41,227,Conochilus,0,NA,0,Rotifer
G19041227410,41,227,Euchlanis,NA,NA,NA,Rotifer
G19041227410,41,227,Filinia,0.003275233,0.073746313,0.044412162,Rotifer
G19041227410,41,227,Gastropus,NA,NA,NA,Rotifer
G19041227410,41,227,Hexarthra,NA,NA,NA,Rotifer
G19041227410,41,227,Kellicottia,NA,NA,NA,Rotifer
G19041227410,41,227,Keratella.cochlearis,0.000491025,0.294985251,0.001664574,Rotifer
G19041227410,41,227,Keratella.quadrata,NA,NA,NA,Rotifer
G19041227410,41,227,Lecane,NA,NA,NA,Rotifer
G19041227410,41,227,Lepadella,NA,NA,NA,Rotifer
G19041227410,41,227,Macrochaetus,NA,NA,NA,Rotifer
G19041227410,41,227,Monostyla,NA,NA,NA,Rotifer
G19041227410,41,227,Mytilina,NA,NA,NA,Rotifer
G19041227410,41,227,Notholca,NA,NA,NA,Rotifer
G19041227410,41,227,Platyias,NA,NA,NA,Rotifer
G19041227410,41,227,Ploesoma,NA,NA,NA,Rotifer
G19041227410,41,227,Polyarthra,NA,NA,NA,Rotifer
G19041227410,41,227,Pompholyx,0.001255118,0.073746313,0.017019398,Rotifer
G19041227410,41,227,Synchaeta,NA,NA,NA,Rotifer
G19041227410,41,227,Testudinella,NA,NA,NA,Rotifer
G19041227410,41,227,Trichocerca,0,NA,0,Rotifer
G19041227410,41,227,Trichotria,NA,NA,NA,Rotifer
G19041227410,41,227,Ostracod,0.077547853,0.884955752,0.087629074,Ostracod
G19041234410,41,234,Alona,NA,NA,NA,SmCladocera
G19041234410,41,234,Alonella,NA,NA,NA,SmCladocera
G19041234410,41,234,Bosmina,NA,NA,NA,Bosmina
G19041234410,41,234,Camptocercus,NA,NA,NA,LgCladocera
G19041234410,41,234,Ceriodaphnia,NA,NA,NA,Ceriodaphnia
G19041234410,41,234,Chydorus,0.935572359,0.501474926,1.865641351,Chydorus
G19041234410,41,234,Daphnia,22.93102229,2.883480826,7.952548908,Daphnia
G19041234410,41,234,Daphnia.lumholtzi,NA,NA,NA,LgCladocera
G19041234410,41,234,Diaphanosoma,NA,NA,NA,LgCladocera
G19041234410,41,234,Graptoleberis,NA,NA,NA,LgCladocera
G19041234410,41,234,Leptodora,NA,NA,NA,LgCladocera
G19041234410,41,234,Moina,NA,NA,NA,LgCladocera
G19041234410,41,234,Pleuroxus,NA,NA,NA,SmCladocera
G19041234410,41,234,Scapholeberis,NA,NA,NA,LgCladocera
G19041234410,41,234,Simocephalus,NA,NA,NA,Simocephalus
G19041234410,41,234,Calanoida,0.358945751,0.125368732,2.863120225,Calanoid
G19041234410,41,234,Cyclopoida,2.771417221,0.877581121,3.158018278,Cyclopoid
G19041234410,41,234,Nauplii,0.070818444,0.501474926,0.141220308,Nauplii
G19041234410,41,234,Anuraeopsis,NA,NA,NA,Rotifer
G19041234410,41,234,Ascomorpha,NA,NA,NA,Rotifer
G19041234410,41,234,Asplanchna,NA,NA,NA,Rotifer
G19041234410,41,234,Asplanchnopus,NA,NA,NA,Rotifer
G19041234410,41,234,Brachionus,NA,NA,NA,Rotifer
G19041234410,41,234,Conochilus,0,NA,0,Rotifer
G19041234410,41,234,Euchlanis,NA,NA,NA,Rotifer
G19041234410,41,234,Filinia,0.000873875,0.125368732,0.006970441,Rotifer
G19041234410,41,234,Gastropus,NA,NA,NA,Rotifer
G19041234410,41,234,Hexarthra,NA,NA,NA,Rotifer
G19041234410,41,234,Kellicottia,NA,NA,NA,Rotifer
G19041234410,41,234,Keratella.cochlearis,0.004815915,2.758112094,0.001746091,Rotifer
G19041234410,41,234,Keratella.quadrata,NA,NA,NA,Rotifer
G19041234410,41,234,Lecane,NA,NA,NA,Rotifer
G19041234410,41,234,Lepadella,NA,NA,NA,Rotifer
G19041234410,41,234,Macrochaetus,NA,NA,NA,Rotifer
G19041234410,41,234,Monostyla,NA,NA,NA,Rotifer
G19041234410,41,234,Mytilina,NA,NA,NA,Rotifer
G19041234410,41,234,Notholca,NA,NA,NA,Rotifer
G19041234410,41,234,Platyias,NA,NA,NA,Rotifer
G19041234410,41,234,Ploesoma,NA,NA,NA,Rotifer
G19041234410,41,234,Polyarthra,NA,NA,NA,Rotifer
G19041234410,41,234,Pompholyx,NA,NA,NA,Rotifer
G19041234410,41,234,Synchaeta,NA,NA,NA,Rotifer
G19041234410,41,234,Testudinella,NA,NA,NA,Rotifer
G19041234410,41,234,Trichocerca,0,NA,0,Rotifer
G19041234410,41,234,Trichotria,NA,NA,NA,Rotifer
G19041234410,41,234,Ostracod,0.00955348,0.501474926,0.019050764,Ostracod
G19041245410,41,245,Alona,NA,NA,NA,SmCladocera
G19041245410,41,245,Alonella,NA,NA,NA,SmCladocera
G19041245410,41,245,Bosmina,NA,NA,NA,Bosmina
G19041245410,41,245,Camptocercus,NA,NA,NA,LgCladocera
G19041245410,41,245,Ceriodaphnia,NA,NA,NA,Ceriodaphnia
G19041245410,41,245,Chydorus,1.236543729,0.442477876,2.794588826,Chydorus
G19041245410,41,245,Daphnia,165.9325825,22.12389381,7.500152728,Daphnia
G19041245410,41,245,Daphnia.lumholtzi,NA,NA,NA,LgCladocera
G19041245410,41,245,Diaphanosoma,NA,NA,NA,LgCladocera
G19041245410,41,245,Graptoleberis,NA,NA,NA,LgCladocera
G19041245410,41,245,Leptodora,NA,NA,NA,LgCladocera
G19041245410,41,245,Moina,NA,NA,NA,LgCladocera
G19041245410,41,245,Pleuroxus,NA,NA,NA,SmCladocera
G19041245410,41,245,Scapholeberis,NA,NA,NA,LgCladocera
G19041245410,41,245,Simocephalus,NA,NA,NA,Simocephalus
G19041245410,41,245,Calanoida,2.505867526,0.884955752,2.831630305,Calanoid
G19041245410,41,245,Cyclopoida,NA,NA,NA,Cyclopoid
G19041245410,41,245,Nauplii,0.27696916,1.769911504,0.156487575,Nauplii
G19041245410,41,245,Anuraeopsis,NA,NA,NA,Rotifer
G19041245410,41,245,Ascomorpha,NA,NA,NA,Rotifer
G19041245410,41,245,Asplanchna,NA,NA,NA,Rotifer
G19041245410,41,245,Asplanchnopus,NA,NA,NA,Rotifer
G19041245410,41,245,Brachionus,NA,NA,NA,Rotifer
G19041245410,41,245,Conochilus,0,NA,0,Rotifer
G19041245410,41,245,Euchlanis,NA,NA,NA,Rotifer
G19041245410,41,245,Filinia,NA,NA,NA,Rotifer
G19041245410,41,245,Gastropus,NA,NA,NA,Rotifer
G19041245410,41,245,Hexarthra,NA,NA,NA,Rotifer
G19041245410,41,245,Kellicottia,NA,NA,NA,Rotifer
G19041245410,41,245,Keratella.cochlearis,0.001453779,0.884955752,0.00164277,Rotifer
G19041245410,41,245,Keratella.quadrata,NA,NA,NA,Rotifer
G19041245410,41,245,Lecane,NA,NA,NA,Rotifer
G19041245410,41,245,Lepadella,NA,NA,NA,Rotifer
G19041245410,41,245,Macrochaetus,NA,NA,NA,Rotifer
G19041245410,41,245,Monostyla,NA,NA,NA,Rotifer
G19041245410,41,245,Mytilina,NA,NA,NA,Rotifer
G19041245410,41,245,Notholca,NA,NA,NA,Rotifer
G19041245410,41,245,Platyias,NA,NA,NA,Rotifer
G19041245410,41,245,Ploesoma,NA,NA,NA,Rotifer
G19041245410,41,245,Polyarthra,NA,NA,NA,Rotifer
G19041245410,41,245,Pompholyx,NA,NA,NA,Rotifer
G19041245410,41,245,Synchaeta,NA,NA,NA,Rotifer
G19041245410,41,245,Testudinella,NA,NA,NA,Rotifer
G19041245410,41,245,Trichocerca,0,NA,0,Rotifer
G19041245410,41,245,Trichotria,NA,NA,NA,Rotifer
G19041245410,41,245,Ostracod,0.082706132,1.327433628,0.062305286,Ostracod
G19041251410,41,251,Alona,NA,NA,NA,SmCladocera
G19041251410,41,251,Alonella,NA,NA,NA,SmCladocera
G19041251410,41,251,Bosmina,NA,NA,NA,Bosmina
G19041251410,41,251,Camptocercus,NA,NA,NA,LgCladocera
G19041251410,41,251,Ceriodaphnia,NA,NA,NA,Ceriodaphnia
G19041251410,41,251,Chydorus,0.577541903,0.383480826,1.506051578,Chydorus
G19041251410,41,251,Daphnia,135.0132213,31.0619469,4.34657949,Daphnia
G19041251410,41,251,Daphnia.lumholtzi,NA,NA,NA,LgCladocera
G19041251410,41,251,Diaphanosoma,NA,NA,NA,LgCladocera
G19041251410,41,251,Graptoleberis,NA,NA,NA,LgCladocera
G19041251410,41,251,Leptodora,NA,NA,NA,LgCladocera
G19041251410,41,251,Moina,NA,NA,NA,LgCladocera
G19041251410,41,251,Pleuroxus,NA,NA,NA,SmCladocera
G19041251410,41,251,Scapholeberis,NA,NA,NA,LgCladocera
G19041251410,41,251,Simocephalus,NA,NA,NA,Simocephalus
G19041251410,41,251,Calanoida,NA,NA,NA,Calanoid
G19041251410,41,251,Cyclopoida,0.105560031,0.383480826,0.275268082,Cyclopoid
G19041251410,41,251,Nauplii,0.071386955,0.383480826,0.186155213,Nauplii
G19041251410,41,251,Anuraeopsis,NA,NA,NA,Rotifer
G19041251410,41,251,Ascomorpha,NA,NA,NA,Rotifer
G19041251410,41,251,Asplanchna,NA,NA,NA,Rotifer
G19041251410,41,251,Asplanchnopus,NA,NA,NA,Rotifer
G19041251410,41,251,Brachionus,NA,NA,NA,Rotifer
G19041251410,41,251,Conochilus,0,NA,0,Rotifer
G19041251410,41,251,Euchlanis,NA,NA,NA,Rotifer
G19041251410,41,251,Filinia,NA,NA,NA,Rotifer
G19041251410,41,251,Gastropus,NA,NA,NA,Rotifer
G19041251410,41,251,Hexarthra,NA,NA,NA,Rotifer
G19041251410,41,251,Kellicottia,NA,NA,NA,Rotifer
G19041251410,41,251,Keratella.cochlearis,0.004681137,2.300884956,0.002034494,Rotifer
G19041251410,41,251,Keratella.quadrata,NA,NA,NA,Rotifer
G19041251410,41,251,Lecane,NA,NA,NA,Rotifer
G19041251410,41,251,Lepadella,NA,NA,NA,Rotifer
G19041251410,41,251,Macrochaetus,NA,NA,NA,Rotifer
G19041251410,41,251,Monostyla,NA,NA,NA,Rotifer
G19041251410,41,251,Mytilina,NA,NA,NA,Rotifer
G19041251410,41,251,Notholca,NA,NA,NA,Rotifer
G19041251410,41,251,Platyias,NA,NA,NA,Rotifer
G19041251410,41,251,Ploesoma,NA,NA,NA,Rotifer
G19041251410,41,251,Polyarthra,NA,NA,NA,Rotifer
G19041251410,41,251,Pompholyx,NA,NA,NA,Rotifer
G19041251410,41,251,Synchaeta,NA,NA,NA,Rotifer
G19041251410,41,251,Testudinella,NA,NA,NA,Rotifer
G19041251410,41,251,Trichocerca,0,NA,0,Rotifer
G19041251410,41,251,Trichotria,NA,NA,NA,Rotifer
G19041251410,41,251,Ostracod,NA,NA,NA,Ostracod
G19041273410,41,273,Alona,NA,NA,NA,SmCladocera
G19041273410,41,273,Alonella,NA,NA,NA,SmCladocera
G19041273410,41,273,Bosmina,NA,NA,NA,Bosmina
G19041273410,41,273,Camptocercus,NA,NA,NA,LgCladocera
G19041273410,41,273,Ceriodaphnia,NA,NA,NA,Ceriodaphnia
G19041273410,41,273,Chydorus,38.27829998,34.07079646,1.12349296,Chydorus
G19041273410,41,273,Daphnia,119.0623262,22.71386431,5.24183488,Daphnia
G19041273410,41,273,Daphnia.lumholtzi,NA,NA,NA,LgCladocera
G19041273410,41,273,Diaphanosoma,NA,NA,NA,LgCladocera
G19041273410,41,273,Graptoleberis,NA,NA,NA,LgCladocera
G19041273410,41,273,Leptodora,NA,NA,NA,LgCladocera
G19041273410,41,273,Moina,NA,NA,NA,LgCladocera
G19041273410,41,273,Pleuroxus,NA,NA,NA,SmCladocera
G19041273410,41,273,Scapholeberis,NA,NA,NA,LgCladocera
G19041273410,41,273,Simocephalus,NA,NA,NA,Simocephalus
G19041273410,41,273,Calanoida,7.472692818,2.064896755,3.618918379,Calanoid
G19041273410,41,273,Cyclopoida,NA,NA,NA,Cyclopoid
G19041273410,41,273,Nauplii,0.859721832,2.581120944,0.333080801,Nauplii
G19041273410,41,273,Anuraeopsis,NA,NA,NA,Rotifer
G19041273410,41,273,Ascomorpha,NA,NA,NA,Rotifer
G19041273410,41,273,Asplanchna,NA,NA,NA,Rotifer
G19041273410,41,273,Asplanchnopus,NA,NA,NA,Rotifer
G19041273410,41,273,Brachionus,NA,NA,NA,Rotifer
G19041273410,41,273,Conochilus,0,NA,0,Rotifer
G19041273410,41,273,Euchlanis,NA,NA,NA,Rotifer
G19041273410,41,273,Filinia,NA,NA,NA,Rotifer
G19041273410,41,273,Gastropus,NA,NA,NA,Rotifer
G19041273410,41,273,Hexarthra,NA,NA,NA,Rotifer
G19041273410,41,273,Kellicottia,NA,NA,NA,Rotifer
G19041273410,41,273,Keratella.cochlearis,0.008309334,3.097345133,0.002682728,Rotifer
G19041273410,41,273,Keratella.quadrata,NA,NA,NA,Rotifer
G19041273410,41,273,Lecane,NA,NA,NA,Rotifer
G19041273410,41,273,Lepadella,NA,NA,NA,Rotifer
G19041273410,41,273,Macrochaetus,NA,NA,NA,Rotifer
G19041273410,41,273,Monostyla,NA,NA,NA,Rotifer
G19041273410,41,273,Mytilina,NA,NA,NA,Rotifer
G19041273410,41,273,Notholca,NA,NA,NA,Rotifer
G19041273410,41,273,Platyias,NA,NA,NA,Rotifer
G19041273410,41,273,Ploesoma,NA,NA,NA,Rotifer
G19041273410,41,273,Polyarthra,NA,NA,NA,Rotifer
G19041273410,41,273,Pompholyx,NA,NA,NA,Rotifer
G19041273410,41,273,Synchaeta,NA,NA,NA,Rotifer
G19041273410,41,273,Testudinella,NA,NA,NA,Rotifer
G19041273410,41,273,Trichocerca,0,NA,0,Rotifer
G19041273410,41,273,Trichotria,NA,NA,NA,Rotifer
G19041273410,41,273,Ostracod,NA,NA,NA,Ostracod
