siteID,name,sampleDate,Year,DOYfrac,DOY,DOYFrac,analyte,result,unit,detect,detectLimit
22880001,Green Valley Lake,6/20/2000 8:30,2000,0.4712,172,2000.4712,"Alkalinity, total",133,mg/l CaCO3,TRUE,2
22880001,Green Valley Lake,7/18/2000 0:00,2000,0.5479,200,2000.5479,"Alkalinity, total",139,mg/l CaCO3,TRUE,2
22880001,Green Valley Lake,8/8/2000 11:00,2000,0.6055,221,2000.6055,"Alkalinity, total",125,mg/l CaCO3,TRUE,2
22880001,Green Valley Lake,5/22/2001 0:00,2001,0.389,142,2001.389,"Alkalinity, total",50,mg/l CaCO3,TRUE,2
22880001,Green Valley Lake,6/19/2001 0:00,2001,0.4658,170,2001.4658,"Alkalinity, total",113,mg/l CaCO3,TRUE,2
22880001,Green Valley Lake,7/23/2001 0:00,2001,0.5589,204,2001.5589,"Alkalinity, total",105,mg/l CaCO3,TRUE,2
22880001,Green Valley Lake,5/28/2002 13:15,2002,0.4055,148,2002.4055,"Alkalinity, total",127,mg/l CaCO3,TRUE,2
22880001,Green Valley Lake,6/24/2002 12:25,2002,0.4795,175,2002.4795,"Alkalinity, total",137,mg/l CaCO3,TRUE,2
22880001,Green Valley Lake,7/29/2002 0:00,2002,0.5753,210,2002.5753,"Alkalinity, total",99,mg/l CaCO3,TRUE,2
22880001,Green Valley Lake,5/27/2003 0:00,2003,0.4027,147,2003.4027,"Alkalinity, total",111,mg/l CaCO3,TRUE,2
22880001,Green Valley Lake,6/23/2003 0:00,2003,0.4767,174,2003.4767,"Alkalinity, total",84,mg/l CaCO3,TRUE,2
22880001,Green Valley Lake,7/29/2003 7:50,2003,0.5753,210,2003.5753,"Alkalinity, total",82,mg/l CaCO3,TRUE,2
22880001,Green Valley Lake,5/25/2004 14:00,2004,0.4,146,2004.4,"Alkalinity, total",127,mg/l CaCO3,TRUE,2
22880001,Green Valley Lake,6/21/2004 15:45,2004,0.474,173,2004.474,"Alkalinity, total",125,mg/l CaCO3,TRUE,2
22880001,Green Valley Lake,7/27/2004 8:30,2004,0.5726,209,2004.5726,"Alkalinity, total",127,mg/l CaCO3,TRUE,2
22880001,Green Valley Lake,5/31/2005 15:15,2005,0.4137,151,2005.4137,"Alkalinity, total",134,mg/l CaCO3,TRUE,2
22880001,Green Valley Lake,6/15/2005 11:10,2005,0.4548,166,2005.4548,"Alkalinity, total",120,mg/l CaCO3,TRUE,1
22880001,Green Valley Lake,6/27/2005 15:00,2005,0.4877,178,2005.4877,"Alkalinity, total",119,mg/l CaCO3,TRUE,2
22880001,Green Valley Lake,7/14/2005 8:15,2005,0.5342,195,2005.5342,"Alkalinity, total",100,mg/l CaCO3,TRUE,1
22880001,Green Valley Lake,8/2/2005 13:30,2005,0.5863,214,2005.5863,"Alkalinity, total",114,mg/l CaCO3,TRUE,2
22880001,Green Valley Lake,9/14/2005 7:15,2005,0.7041,257,2005.7041,"Alkalinity, total",110,mg/l CaCO3,TRUE,1
22880001,Green Valley Lake,5/3/2006 13:55,2006,0.337,123,2006.337,"Alkalinity, total",130,mg/l CaCO3,TRUE,1
22880001,Green Valley Lake,5/30/2006 14:56,2006,0.411,150,2006.411,"Alkalinity, total",129,mg/l CaCO3,TRUE,2
22880001,Green Valley Lake,6/27/2006 10:16,2006,0.4877,178,2006.4877,"Alkalinity, total",129,mg/l CaCO3,TRUE,2
22880001,Green Valley Lake,8/1/2006 6:24,2006,0.5836,213,2006.5836,"Alkalinity, total",119,mg/l CaCO3,TRUE,2
22880001,Green Valley Lake,5/23/2007 8:30,2007,0.3918,143,2007.3918,"Alkalinity, total",110,mg/l CaCO3,TRUE,1
22880001,Green Valley Lake,5/29/2007 15:00,2007,0.4082,149,2007.4082,"Alkalinity, total",113,mg/l CaCO3,TRUE,2
22880001,Green Valley Lake,6/26/2007 9:15,2007,0.4849,177,2007.4849,"Alkalinity, total",112,mg/l CaCO3,TRUE,2
22880001,Green Valley Lake,7/30/2007 16:00,2007,0.5781,211,2007.5781,"Alkalinity, total",110,mg/l CaCO3,TRUE,1
22880001,Green Valley Lake,7/31/2007 16:20,2007,0.5808,212,2007.5808,"Alkalinity, total",105,mg/l CaCO3,TRUE,2
22880001,Green Valley Lake,9/12/2007 11:35,2007,0.6986,255,2007.6986,"Alkalinity, total",100,mg/l CaCO3,TRUE,1
22880001,Green Valley Lake,5/6/2008 16:15,2008,0.3479,127,2008.3479,"Alkalinity, total",110,mg/l CaCO3,TRUE,1
22880001,Green Valley Lake,7/8/2008 13:45,2008,0.5205,190,2008.5205,"Alkalinity, total",90,mg/l CaCO3,TRUE,1
22880001,Green Valley Lake,6/13/2011 14:54,2011,0.4493,164,2011.4493,"Alkalinity, total",102,mg/l CaCO3,TRUE,10
22880001,Green Valley Lake,8/1/2011 10:39,2011,0.5836,213,2011.5836,"Alkalinity, total",105,mg/l CaCO3,TRUE,10
22880001,Green Valley Lake,9/12/2011 10:35,2011,0.6986,255,2011.6986,"Alkalinity, total",92,mg/l CaCO3,TRUE,10
22880001,Green Valley Lake,6/11/2012 13:28,2012,0.4466,163,2012.4466,"Alkalinity, total",119,mg/l,TRUE,4
22880001,Green Valley Lake,7/30/2012 10:39,2012,0.5808,212,2012.5808,"Alkalinity, total",147,mg/l,TRUE,4
22880001,Green Valley Lake,9/12/2012 9:41,2012,0.7014,256,2012.7014,"Alkalinity, total",161,mg/l,TRUE,4
22880001,Green Valley Lake,6/10/2013 14:35,2013,0.4411,161,2013.4411,"Alkalinity, total",127,mg/l,TRUE,4
22880001,Green Valley Lake,7/29/2013 12:45,2013,0.5753,210,2013.5753,"Alkalinity, total",95,mg/l,TRUE,4
22880001,Green Valley Lake,9/9/2013 13:08,2013,0.6904,252,2013.6904,"Alkalinity, total",112,mg/l,TRUE,4
22880001,Green Valley Lake,6/16/2014 12:27,2014,0.4575,167,2014.4575,"Alkalinity, total",116.5,mg/l,TRUE,4
22880001,Green Valley Lake,8/4/2014 13:32,2014,0.5918,216,2014.5918,"Alkalinity, total",104.9,mg/l,TRUE,4
22880001,Green Valley Lake,9/14/2014 13:13,2014,0.7041,257,2014.7041,"Alkalinity, total",97.42,mg/l,TRUE,4
22880001,Green Valley Lake,6/15/2015 12:57,2015,0.4548,166,2015.4548,"Alkalinity, total",103,mg/l,TRUE,4
22880001,Green Valley Lake,8/3/2015 12:00,2015,0.589,215,2015.589,"Alkalinity, total",70,mg/l,TRUE,4
22880001,Green Valley Lake,9/13/2015 12:30,2015,0.7014,256,2015.7014,"Alkalinity, total",82,mg/l,TRUE,4
22880001,Green Valley Lake,6/13/2016 12:20,2016,0.4521,165,2016.4521,"Alkalinity, total",89,mg/l,TRUE,4
22880001,Green Valley Lake,8/1/2016 16:40,2016,0.5863,214,2016.5863,"Alkalinity, total",97,mg/l,TRUE,4
22880001,Green Valley Lake,9/13/2016 16:08,2016,0.7041,257,2016.7041,"Alkalinity, total",100,mg/l,TRUE,4
22880001,Green Valley Lake,6/6/2017 13:21,2017,0.4301,157,2017.4301,"Alkalinity, total",110,mg/l,TRUE,4
22880001,Green Valley Lake,7/25/2017 11:50,2017,0.5644,206,2017.5644,"Alkalinity, total",127,mg/l,TRUE,4
22880001,Green Valley Lake,8/29/2017 12:03,2017,0.6603,241,2017.6603,"Alkalinity, total",106,mg/l,TRUE,4
22880001,Green Valley Lake,6/5/2018 9:46,2018,0.4274,156,2018.4274,"Alkalinity, total",89,mg/l,TRUE,4
22880001,Green Valley Lake,7/25/2018 11:40,2018,0.5644,206,2018.5644,"Alkalinity, total",75,mg/l,TRUE,4
22880001,Green Valley Lake,8/29/2018 9:10,2018,0.6603,241,2018.6603,"Alkalinity, total",98,mg/l,TRUE,4
22880001,Green Valley Lake,6/11/2019 11:05,2019,0.4438,162,2019.4438,"Alkalinity, total",76.66,mg/l,TRUE,
22880001,Green Valley Lake,7/31/2019 9:30,2019,0.5808,212,2019.5808,"Alkalinity, total",100.42,mg/l,TRUE,
22880001,Green Valley Lake,9/8/2019 13:00,2019,0.6877,251,2019.6877,"Alkalinity, total",106,mg/l,TRUE,
22880001,Green Valley Lake,5/25/2004 14:00,2004,0.4,146,2004.4,Ammonia-nitrogen (as N),0.255,mg/l,TRUE,0.016
22880001,Green Valley Lake,6/21/2004 15:45,2004,0.474,173,2004.474,Ammonia-nitrogen (as N),0.023,mg/l,TRUE,0.016
22880001,Green Valley Lake,7/27/2004 8:30,2004,0.5726,209,2004.5726,Ammonia-nitrogen (as N),0.371,mg/l,TRUE,0.016
22880001,Green Valley Lake,5/31/2005 15:15,2005,0.4137,151,2005.4137,Ammonia-nitrogen (as N),0.02,mg/l,TRUE,0.016
22880001,Green Valley Lake,6/15/2005 11:10,2005,0.4548,166,2005.4548,Ammonia-nitrogen (as N),0.05,mg/l,FALSE,0.05
22880001,Green Valley Lake,6/27/2005 15:00,2005,0.4877,178,2005.4877,Ammonia-nitrogen (as N),0.152,mg/l,TRUE,0.016
22880001,Green Valley Lake,7/14/2005 8:15,2005,0.5342,195,2005.5342,Ammonia-nitrogen (as N),0.05,mg/l,FALSE,0.05
22880001,Green Valley Lake,8/2/2005 13:30,2005,0.5863,214,2005.5863,Ammonia-nitrogen (as N),0.407,mg/l,TRUE,0.016
22880001,Green Valley Lake,9/14/2005 7:15,2005,0.7041,257,2005.7041,Ammonia-nitrogen (as N),0.82,mg/l,TRUE,0.05
22880001,Green Valley Lake,5/3/2006 13:55,2006,0.337,123,2006.337,Ammonia-nitrogen (as N),0.31,mg/l,TRUE,0.05
22880001,Green Valley Lake,5/30/2006 14:56,2006,0.411,150,2006.411,Ammonia-nitrogen (as N),0.161,mg/l,TRUE,0.016
22880001,Green Valley Lake,6/27/2006 10:16,2006,0.4877,178,2006.4877,Ammonia-nitrogen (as N),0.016,mg/l,FALSE,0.016
22880001,Green Valley Lake,8/1/2006 6:24,2006,0.5836,213,2006.5836,Ammonia-nitrogen (as N),0.107,mg/l,TRUE,0.016
22880001,Green Valley Lake,5/23/2007 8:30,2007,0.3918,143,2007.3918,Ammonia-nitrogen (as N),0.12,mg/l,TRUE,0.05
22880001,Green Valley Lake,5/29/2007 15:00,2007,0.4082,149,2007.4082,Ammonia-nitrogen (as N),0.084,mg/l,TRUE,0.016
22880001,Green Valley Lake,6/26/2007 9:15,2007,0.4849,177,2007.4849,Ammonia-nitrogen (as N),0.431,mg/l,TRUE,0.016
22880001,Green Valley Lake,7/30/2007 16:00,2007,0.5781,211,2007.5781,Ammonia-nitrogen (as N),0.48,mg/l,TRUE,0.05
22880001,Green Valley Lake,7/31/2007 16:20,2007,0.5808,212,2007.5808,Ammonia-nitrogen (as N),0.118,mg/l,TRUE,0.016
22880001,Green Valley Lake,9/12/2007 11:35,2007,0.6986,255,2007.6986,Ammonia-nitrogen (as N),0.14,mg/l,TRUE,0.05
22880001,Green Valley Lake,5/6/2008 16:15,2008,0.3479,127,2008.3479,Ammonia-nitrogen (as N),0.23,mg/l,TRUE,0.05
22880001,Green Valley Lake,7/8/2008 13:45,2008,0.5205,190,2008.5205,Ammonia-nitrogen (as N),0.61,mg/l,TRUE,0.05
22880001,Green Valley Lake,6/13/2011 14:54,2011,0.4493,164,2011.4493,Ammonia-nitrogen (as N),0.145,mg/l,FALSE,0.145
22880001,Green Valley Lake,8/1/2011 10:39,2011,0.5836,213,2011.5836,Ammonia-nitrogen (as N),0.157,mg/l,TRUE,0.145
22880001,Green Valley Lake,9/12/2011 10:35,2011,0.6986,255,2011.6986,Ammonia-nitrogen (as N),0.145,mg/l,FALSE,0.145
22880001,Green Valley Lake,6/11/2012 13:28,2012,0.4466,163,2012.4466,Ammonia-nitrogen (as N),0.022,mg/l,TRUE,0.014
22880001,Green Valley Lake,7/30/2012 10:39,2012,0.5808,212,2012.5808,Ammonia-nitrogen (as N),0.014,mg/l,FALSE,0.014
22880001,Green Valley Lake,9/12/2012 9:41,2012,0.7014,256,2012.7014,Ammonia-nitrogen (as N),0.205,mg/l,TRUE,0.014
22880001,Green Valley Lake,6/10/2013 14:35,2013,0.4411,161,2013.4411,Ammonia-nitrogen (as N),0.097,mg/l,TRUE,0.01
22880001,Green Valley Lake,7/29/2013 12:45,2013,0.5753,210,2013.5753,Ammonia-nitrogen (as N),0.01,mg/l,FALSE,0.01
22880001,Green Valley Lake,9/9/2013 13:08,2013,0.6904,252,2013.6904,Ammonia-nitrogen (as N),0.015,mg/l,TRUE,0.01
22880001,Green Valley Lake,4/17/2014 13:40,2014,0.2932,107,2014.2932,Ammonia-nitrogen (as N),0.05,mg/l,FALSE,0.05
22880001,Green Valley Lake,4/29/2014 12:20,2014,0.326,119,2014.326,Ammonia-nitrogen (as N),0.05,mg/l,FALSE,0.05
22880001,Green Valley Lake,5/14/2014 9:00,2014,0.3671,134,2014.3671,Ammonia-nitrogen (as N),0.09,mg/l,TRUE,0.05
22880001,Green Valley Lake,5/27/2014 13:25,2014,0.4027,147,2014.4027,Ammonia-nitrogen (as N),0.05,mg/l,FALSE,0.05
22880001,Green Valley Lake,6/10/2014 10:40,2014,0.4411,161,2014.4411,Ammonia-nitrogen (as N),0.05,mg/l,TRUE,0.05
22880001,Green Valley Lake,6/16/2014 12:27,2014,0.4575,167,2014.4575,Ammonia-nitrogen (as N),0.1686,mg/l,TRUE,0.01
22880001,Green Valley Lake,6/23/2014 11:10,2014,0.4767,174,2014.4767,Ammonia-nitrogen (as N),0.05,mg/l,FALSE,0.05
22880001,Green Valley Lake,7/7/2014 12:15,2014,0.5151,188,2014.5151,Ammonia-nitrogen (as N),0.27,mg/l,TRUE,0.05
22880001,Green Valley Lake,7/23/2014 13:15,2014,0.5589,204,2014.5589,Ammonia-nitrogen (as N),0.05,mg/l,FALSE,0.05
22880001,Green Valley Lake,8/4/2014 13:32,2014,0.5918,216,2014.5918,Ammonia-nitrogen (as N),0.01,mg/l,FALSE,0.01
22880001,Green Valley Lake,8/7/2014 10:30,2014,0.6,219,2014.6,Ammonia-nitrogen (as N),0.05,mg/l,FALSE,0.05
22880001,Green Valley Lake,8/19/2014 11:30,2014,0.6329,231,2014.6329,Ammonia-nitrogen (as N),0.05,mg/l,FALSE,0.05
22880001,Green Valley Lake,9/3/2014 10:50,2014,0.674,246,2014.674,Ammonia-nitrogen (as N),0.74,mg/l,TRUE,0.05
22880001,Green Valley Lake,9/14/2014 13:13,2014,0.7041,257,2014.7041,Ammonia-nitrogen (as N),0.6041,mg/l,TRUE,0.01
22880001,Green Valley Lake,9/16/2014 9:30,2014,0.7096,259,2014.7096,Ammonia-nitrogen (as N),0.74,mg/l,TRUE,0.05
22880001,Green Valley Lake,9/30/2014 10:10,2014,0.7479,273,2014.7479,Ammonia-nitrogen (as N),0.05,mg/l,FALSE,0.05
22880001,Green Valley Lake,4/13/2015 11:00,2015,0.2822,103,2015.2822,Ammonia-nitrogen (as N),0.05,mg/l,FALSE,0.05
22880001,Green Valley Lake,4/27/2015 10:30,2015,0.3205,117,2015.3205,Ammonia-nitrogen (as N),0.05,mg/l,FALSE,0.05
22880001,Green Valley Lake,5/11/2015 10:50,2015,0.3589,131,2015.3589,Ammonia-nitrogen (as N),0.08,mg/l,TRUE,0.05
22880001,Green Valley Lake,5/27/2015 10:45,2015,0.4027,147,2015.4027,Ammonia-nitrogen (as N),0.12,mg/l,TRUE,0.05
22880001,Green Valley Lake,6/10/2015 10:10,2015,0.4411,161,2015.4411,Ammonia-nitrogen (as N),0.05,mg/l,TRUE,0.05
22880001,Green Valley Lake,6/15/2015 12:57,2015,0.4548,166,2015.4548,Ammonia-nitrogen (as N),0.066,mg/l,TRUE,0.0168
22880001,Green Valley Lake,6/25/2015 13:00,2015,0.4822,176,2015.4822,Ammonia-nitrogen (as N),0.05,mg/l,FALSE,0.05
22880001,Green Valley Lake,7/7/2015 9:45,2015,0.5151,188,2015.5151,Ammonia-nitrogen (as N),0.05,mg/l,TRUE,0.05
22880001,Green Valley Lake,7/23/2015 11:15,2015,0.5589,204,2015.5589,Ammonia-nitrogen (as N),0.1,mg/l,TRUE,0.05
22880001,Green Valley Lake,8/3/2015 12:00,2015,0.589,215,2015.589,Ammonia-nitrogen (as N),0.0168,mg/l,FALSE,0.0168
22880001,Green Valley Lake,8/6/2015 11:50,2015,0.5973,218,2015.5973,Ammonia-nitrogen (as N),0.09,mg/l,TRUE,0.05
22880001,Green Valley Lake,8/12/2015 11:40,2015,0.6137,224,2015.6137,Ammonia-nitrogen (as N),0.05,mg/l,FALSE,0.05
22880001,Green Valley Lake,8/24/2015 11:25,2015,0.6466,236,2015.6466,Ammonia-nitrogen (as N),0.05,mg/l,FALSE,0.05
22880001,Green Valley Lake,9/10/2015 10:40,2015,0.6932,253,2015.6932,Ammonia-nitrogen (as N),0.05,mg/l,FALSE,0.05
22880001,Green Valley Lake,9/13/2015 12:30,2015,0.7014,256,2015.7014,Ammonia-nitrogen (as N),0.117,mg/l,TRUE,0.0168
22880001,Green Valley Lake,9/16/2015 12:45,2015,0.7096,259,2015.7096,Ammonia-nitrogen (as N),0.11,mg/l,TRUE,0.05
22880001,Green Valley Lake,9/21/2015 12:15,2015,0.7233,264,2015.7233,Ammonia-nitrogen (as N),0.25,mg/l,TRUE,0.05
22880001,Green Valley Lake,10/8/2015 11:20,2015,0.7699,281,2015.7699,Ammonia-nitrogen (as N),0.51,mg/l,TRUE,0.05
22880001,Green Valley Lake,6/13/2016 12:20,2016,0.4521,165,2016.4521,Ammonia-nitrogen (as N),0.0006,mg/l,FALSE,0.0006
22880001,Green Valley Lake,8/1/2016 16:40,2016,0.5863,214,2016.5863,Ammonia-nitrogen (as N),0.0006,mg/l,FALSE,0.0006
22880001,Green Valley Lake,9/13/2016 16:08,2016,0.7041,257,2016.7041,Ammonia-nitrogen (as N),0.0006,mg/l,FALSE,0.0006
22880001,Green Valley Lake,6/6/2017 13:21,2017,0.4301,157,2017.4301,Ammonia-nitrogen (as N),0.053,mg/l,TRUE,0.0012
22880001,Green Valley Lake,7/25/2017 11:50,2017,0.5644,206,2017.5644,Ammonia-nitrogen (as N),0.015,mg/l,TRUE,0.0012
22880001,Green Valley Lake,8/29/2017 12:03,2017,0.6603,241,2017.6603,Ammonia-nitrogen (as N),0.009,mg/l,TRUE,0.0012
22880001,Green Valley Lake,6/5/2018 9:46,2018,0.4274,156,2018.4274,Ammonia-nitrogen (as N),0.023,mg/l,TRUE,0.006
22880001,Green Valley Lake,7/25/2018 11:40,2018,0.5644,206,2018.5644,Ammonia-nitrogen (as N),0.03,mg/l,TRUE,0.006
22880001,Green Valley Lake,8/29/2018 9:10,2018,0.6603,241,2018.6603,Ammonia-nitrogen (as N),0.006,mg/l,FALSE,0.006
22880001,Green Valley Lake,6/11/2019 11:05,2019,0.4438,162,2019.4438,Ammonia-nitrogen (as N),0.01055,mg/l,TRUE,0.0048
22880001,Green Valley Lake,7/31/2019 9:30,2019,0.5808,212,2019.5808,Ammonia-nitrogen (as N),0.0048,mg/l,FALSE,0.0048
22880001,Green Valley Lake,9/8/2019 13:00,2019,0.6877,251,2019.6877,Ammonia-nitrogen (as N),0.0048,mg/l,FALSE,0.0048
22880001,Green Valley Lake,6/20/2000 8:30,2000,0.4712,172,2000.4712,Chlorophyll a,68.7,ug/l,TRUE,1
22880001,Green Valley Lake,7/18/2000 0:00,2000,0.5479,200,2000.5479,Chlorophyll a,5.6,ug/l,TRUE,1
22880001,Green Valley Lake,8/8/2000 11:00,2000,0.6055,221,2000.6055,Chlorophyll a,40.5,ug/l,TRUE,1
22880001,Green Valley Lake,7/23/2001 0:00,2001,0.5589,204,2001.5589,Chlorophyll a,45.9,ug/l,TRUE,1
22880001,Green Valley Lake,5/28/2002 13:15,2002,0.4055,148,2002.4055,Chlorophyll a,4,ug/l,TRUE,1
22880001,Green Valley Lake,6/24/2002 12:25,2002,0.4795,175,2002.4795,Chlorophyll a,39.7,ug/l,TRUE,1
22880001,Green Valley Lake,7/29/2002 0:00,2002,0.5753,210,2002.5753,Chlorophyll a,,ug/l,TRUE,1
22880001,Green Valley Lake,5/27/2003 0:00,2003,0.4027,147,2003.4027,Chlorophyll a,20.8,ug/l,TRUE,1
22880001,Green Valley Lake,6/23/2003 0:00,2003,0.4767,174,2003.4767,Chlorophyll a,18.1,ug/l,TRUE,1
22880001,Green Valley Lake,7/29/2003 7:50,2003,0.5753,210,2003.5753,Chlorophyll a,21.9,ug/l,TRUE,1
22880001,Green Valley Lake,5/25/2004 14:00,2004,0.4,146,2004.4,Chlorophyll a,10.8,ug/l,TRUE,1
22880001,Green Valley Lake,6/21/2004 15:45,2004,0.474,173,2004.474,Chlorophyll a,64.6,ug/l,TRUE,1
22880001,Green Valley Lake,7/27/2004 8:30,2004,0.5726,209,2004.5726,Chlorophyll a,14.4,ug/l,TRUE,1
22880001,Green Valley Lake,5/31/2005 15:15,2005,0.4137,151,2005.4137,Chlorophyll a,15.4,ug/l,TRUE,1
22880001,Green Valley Lake,6/15/2005 11:10,2005,0.4548,166,2005.4548,Chlorophyll a,78,ug/l,TRUE,1
22880001,Green Valley Lake,6/27/2005 15:00,2005,0.4877,178,2005.4877,Chlorophyll a,68.1,ug/l,TRUE,1
22880001,Green Valley Lake,7/14/2005 8:15,2005,0.5342,195,2005.5342,Chlorophyll a,58,ug/l,TRUE,1
22880001,Green Valley Lake,8/2/2005 13:30,2005,0.5863,214,2005.5863,Chlorophyll a,67.5,ug/l,TRUE,1
22880001,Green Valley Lake,9/14/2005 7:15,2005,0.7041,257,2005.7041,Chlorophyll a,29,ug/l,TRUE,1
22880001,Green Valley Lake,5/3/2006 13:55,2006,0.337,123,2006.337,Chlorophyll a,1,ug/l,TRUE,1
22880001,Green Valley Lake,5/30/2006 14:56,2006,0.411,150,2006.411,Chlorophyll a,20.8,ug/l,TRUE,1
22880001,Green Valley Lake,6/27/2006 10:16,2006,0.4877,178,2006.4877,Chlorophyll a,71.2,ug/l,TRUE,1
22880001,Green Valley Lake,8/1/2006 6:24,2006,0.5836,213,2006.5836,Chlorophyll a,31.8,ug/l,TRUE,1
22880001,Green Valley Lake,5/23/2007 8:30,2007,0.3918,143,2007.3918,Chlorophyll a,34,ug/l,TRUE,1
22880001,Green Valley Lake,5/29/2007 15:00,2007,0.4082,149,2007.4082,Chlorophyll a,13.7,ug/l,TRUE,1
22880001,Green Valley Lake,6/26/2007 9:15,2007,0.4849,177,2007.4849,Chlorophyll a,21.4,ug/l,TRUE,1
22880001,Green Valley Lake,7/30/2007 16:00,2007,0.5781,211,2007.5781,Chlorophyll a,22,ug/l,TRUE,1
22880001,Green Valley Lake,7/31/2007 16:20,2007,0.5808,212,2007.5808,Chlorophyll a,41.3,ug/l,TRUE,1
22880001,Green Valley Lake,9/12/2007 11:35,2007,0.6986,255,2007.6986,Chlorophyll a,80,ug/l,TRUE,1
22880001,Green Valley Lake,5/6/2008 16:15,2008,0.3479,127,2008.3479,Chlorophyll a,3,ug/l,TRUE,1
22880001,Green Valley Lake,7/8/2008 13:45,2008,0.5205,190,2008.5205,Chlorophyll a,7,ug/l,TRUE,1
22880001,Green Valley Lake,6/13/2011 14:54,2011,0.4493,164,2011.4493,Chlorophyll a,63,ug/l,TRUE,5
22880001,Green Valley Lake,8/1/2011 10:39,2011,0.5836,213,2011.5836,Chlorophyll a,37,ug/l,TRUE,5
22880001,Green Valley Lake,9/12/2011 10:35,2011,0.6986,255,2011.6986,Chlorophyll a,70,ug/l,TRUE,5
22880001,Green Valley Lake,6/11/2012 13:28,2012,0.4466,163,2012.4466,Chlorophyll a,74,ug/l,TRUE,2
22880001,Green Valley Lake,7/30/2012 10:39,2012,0.5808,212,2012.5808,Chlorophyll a,61,ug/l,TRUE,2
22880001,Green Valley Lake,9/12/2012 9:41,2012,0.7014,256,2012.7014,Chlorophyll a,79,ug/l,TRUE,2
22880001,Green Valley Lake,6/10/2013 14:35,2013,0.4411,161,2013.4411,Chlorophyll a,13,ug/l,TRUE,2
22880001,Green Valley Lake,7/29/2013 12:45,2013,0.5753,210,2013.5753,Chlorophyll a,34,ug/l,TRUE,2
22880001,Green Valley Lake,9/9/2013 13:08,2013,0.6904,252,2013.6904,Chlorophyll a,14,ug/l,TRUE,2
22880001,Green Valley Lake,4/17/2014 13:40,2014,0.2932,107,2014.2932,Chlorophyll a,40,ug/l,TRUE,1
22880001,Green Valley Lake,4/29/2014 12:20,2014,0.326,119,2014.326,Chlorophyll a,56,ug/l,TRUE,1
22880001,Green Valley Lake,5/14/2014 9:00,2014,0.3671,134,2014.3671,Chlorophyll a,38,ug/l,TRUE,1
22880001,Green Valley Lake,5/27/2014 13:25,2014,0.4027,147,2014.4027,Chlorophyll a,16,ug/l,TRUE,1
22880001,Green Valley Lake,6/10/2014 10:40,2014,0.4411,161,2014.4411,Chlorophyll a,43,ug/l,TRUE,1
22880001,Green Valley Lake,6/16/2014 12:27,2014,0.4575,167,2014.4575,Chlorophyll a,32.42,ug/l,TRUE,3.3
22880001,Green Valley Lake,6/23/2014 11:10,2014,0.4767,174,2014.4767,Chlorophyll a,150,ug/l,TRUE,1
22880001,Green Valley Lake,7/7/2014 12:15,2014,0.5151,188,2014.5151,Chlorophyll a,58,ug/l,TRUE,1
22880001,Green Valley Lake,7/23/2014 13:15,2014,0.5589,204,2014.5589,Chlorophyll a,71,ug/l,TRUE,1
22880001,Green Valley Lake,8/4/2014 13:32,2014,0.5918,216,2014.5918,Chlorophyll a,27.32,ug/l,TRUE,3.3
22880001,Green Valley Lake,8/7/2014 10:30,2014,0.6,219,2014.6,Chlorophyll a,33,ug/l,TRUE,1
22880001,Green Valley Lake,8/19/2014 11:30,2014,0.6329,231,2014.6329,Chlorophyll a,180,ug/l,TRUE,1
22880001,Green Valley Lake,9/3/2014 10:50,2014,0.674,246,2014.674,Chlorophyll a,17,ug/l,TRUE,1
22880001,Green Valley Lake,9/14/2014 13:13,2014,0.7041,257,2014.7041,Chlorophyll a,12.72,ug/l,TRUE,3.3
22880001,Green Valley Lake,9/16/2014 9:30,2014,0.7096,259,2014.7096,Chlorophyll a,29,ug/l,TRUE,1
22880001,Green Valley Lake,9/30/2014 10:10,2014,0.7479,273,2014.7479,Chlorophyll a,42,ug/l,TRUE,1
22880001,Green Valley Lake,4/13/2015 11:00,2015,0.2822,103,2015.2822,Chlorophyll a,42,ug/l,TRUE,1
22880001,Green Valley Lake,4/27/2015 10:30,2015,0.3205,117,2015.3205,Chlorophyll a,60,ug/l,TRUE,1
22880001,Green Valley Lake,5/11/2015 10:50,2015,0.3589,131,2015.3589,Chlorophyll a,46,ug/l,TRUE,1
22880001,Green Valley Lake,5/27/2015 10:45,2015,0.4027,147,2015.4027,Chlorophyll a,38,ug/l,TRUE,1
22880001,Green Valley Lake,6/10/2015 10:10,2015,0.4411,161,2015.4411,Chlorophyll a,43,ug/l,TRUE,1
22880001,Green Valley Lake,6/15/2015 12:57,2015,0.4548,166,2015.4548,Chlorophyll a,30,ug/l,TRUE,6.06
22880001,Green Valley Lake,6/25/2015 13:00,2015,0.4822,176,2015.4822,Chlorophyll a,75,ug/l,TRUE,1
22880001,Green Valley Lake,7/7/2015 9:45,2015,0.5151,188,2015.5151,Chlorophyll a,160,ug/l,TRUE,1
22880001,Green Valley Lake,7/23/2015 11:15,2015,0.5589,204,2015.5589,Chlorophyll a,71,ug/l,TRUE,1
22880001,Green Valley Lake,8/3/2015 12:00,2015,0.589,215,2015.589,Chlorophyll a,178,ug/l,TRUE,6.06
22880001,Green Valley Lake,8/6/2015 11:50,2015,0.5973,218,2015.5973,Chlorophyll a,75,ug/l,TRUE,1
22880001,Green Valley Lake,8/12/2015 11:40,2015,0.6137,224,2015.6137,Chlorophyll a,,ug/l,TRUE,1
22880001,Green Valley Lake,8/24/2015 11:25,2015,0.6466,236,2015.6466,Chlorophyll a,190,ug/l,TRUE,1
22880001,Green Valley Lake,9/10/2015 10:40,2015,0.6932,253,2015.6932,Chlorophyll a,85,ug/l,TRUE,1
22880001,Green Valley Lake,9/13/2015 12:30,2015,0.7014,256,2015.7014,Chlorophyll a,41,ug/l,TRUE,6.06
22880001,Green Valley Lake,9/16/2015 12:45,2015,0.7096,259,2015.7096,Chlorophyll a,75,ug/l,TRUE,1
22880001,Green Valley Lake,9/21/2015 12:15,2015,0.7233,264,2015.7233,Chlorophyll a,47,ug/l,TRUE,1
22880001,Green Valley Lake,10/8/2015 11:20,2015,0.7699,281,2015.7699,Chlorophyll a,21,ug/l,TRUE,1
22880001,Green Valley Lake,6/13/2016 12:20,2016,0.4521,165,2016.4521,Chlorophyll a,43,ug/l,TRUE,1
22880001,Green Valley Lake,8/1/2016 16:40,2016,0.5863,214,2016.5863,Chlorophyll a,56,ug/l,TRUE,1
22880001,Green Valley Lake,9/13/2016 16:08,2016,0.7041,257,2016.7041,Chlorophyll a,60,ug/l,TRUE,1
22880001,Green Valley Lake,6/6/2017 13:21,2017,0.4301,157,2017.4301,Chlorophyll a,48,ug/l,TRUE,3.3
22880001,Green Valley Lake,7/25/2017 11:50,2017,0.5644,206,2017.5644,Chlorophyll a,3.3,ug/l,FALSE,3.3
22880001,Green Valley Lake,8/29/2017 12:03,2017,0.6603,241,2017.6603,Chlorophyll a,112,ug/l,TRUE,3.3
22880001,Green Valley Lake,6/5/2018 9:46,2018,0.4274,156,2018.4274,Chlorophyll a,11,ug/l,TRUE,0.4
22880001,Green Valley Lake,7/25/2018 11:40,2018,0.5644,206,2018.5644,Chlorophyll a,144,ug/l,TRUE,0.4
22880001,Green Valley Lake,8/29/2018 9:10,2018,0.6603,241,2018.6603,Chlorophyll a,83,ug/l,TRUE,0.4
22880001,Green Valley Lake,6/11/2019 11:05,2019,0.4438,162,2019.4438,Chlorophyll a,3.91,ug/l,TRUE,1.2
22880001,Green Valley Lake,7/31/2019 9:30,2019,0.5808,212,2019.5808,Chlorophyll a,20.37,ug/l,TRUE,1.2
22880001,Green Valley Lake,9/8/2019 13:00,2019,0.6877,251,2019.6877,Chlorophyll a,2.28,ug/l,TRUE,1.2
22880001,Green Valley Lake,6/20/2000 8:30,2000,0.4712,172,2000.4712,Fixed suspended solids,19,mg/l,TRUE,1
22880001,Green Valley Lake,7/18/2000 0:00,2000,0.5479,200,2000.5479,Fixed suspended solids,6,mg/l,TRUE,1
22880001,Green Valley Lake,8/8/2000 11:00,2000,0.6055,221,2000.6055,Fixed suspended solids,20,mg/l,TRUE,1
22880001,Green Valley Lake,5/22/2001 0:00,2001,0.389,142,2001.389,Fixed suspended solids,9,mg/l,TRUE,1
22880001,Green Valley Lake,6/19/2001 0:00,2001,0.4658,170,2001.4658,Fixed suspended solids,5,mg/l,TRUE,1
22880001,Green Valley Lake,7/23/2001 0:00,2001,0.5589,204,2001.5589,Fixed suspended solids,4,mg/l,TRUE,1
22880001,Green Valley Lake,5/28/2002 13:15,2002,0.4055,148,2002.4055,Fixed suspended solids,2,mg/l,TRUE,1
22880001,Green Valley Lake,6/24/2002 12:25,2002,0.4795,175,2002.4795,Fixed suspended solids,2,mg/l,TRUE,1
22880001,Green Valley Lake,5/27/2003 0:00,2003,0.4027,147,2003.4027,Fixed suspended solids,4,mg/l,TRUE,1
22880001,Green Valley Lake,6/23/2003 0:00,2003,0.4767,174,2003.4767,Fixed suspended solids,4,mg/l,TRUE,1
22880001,Green Valley Lake,7/29/2003 7:50,2003,0.5753,210,2003.5753,Fixed suspended solids,10,mg/l,TRUE,1
22880001,Green Valley Lake,5/25/2004 14:00,2004,0.4,146,2004.4,Fixed suspended solids,3,mg/l,TRUE,1
22880001,Green Valley Lake,6/21/2004 15:45,2004,0.474,173,2004.474,Fixed suspended solids,8,mg/l,TRUE,1
22880001,Green Valley Lake,7/27/2004 8:30,2004,0.5726,209,2004.5726,Fixed suspended solids,3,mg/l,TRUE,1
22880001,Green Valley Lake,5/31/2005 15:15,2005,0.4137,151,2005.4137,Fixed suspended solids,4,mg/l,TRUE,1
22880001,Green Valley Lake,6/15/2005 11:10,2005,0.4548,166,2005.4548,Fixed suspended solids,7,mg/l,TRUE,1
22880001,Green Valley Lake,6/27/2005 15:00,2005,0.4877,178,2005.4877,Fixed suspended solids,7,mg/l,TRUE,1
22880001,Green Valley Lake,7/14/2005 8:15,2005,0.5342,195,2005.5342,Fixed suspended solids,4,mg/l,TRUE,1
22880001,Green Valley Lake,8/2/2005 13:30,2005,0.5863,214,2005.5863,Fixed suspended solids,8,mg/l,TRUE,1
22880001,Green Valley Lake,9/14/2005 7:15,2005,0.7041,257,2005.7041,Fixed suspended solids,9,mg/l,TRUE,1
22880001,Green Valley Lake,5/3/2006 13:55,2006,0.337,123,2006.337,Fixed suspended solids,2,mg/l,TRUE,1
22880001,Green Valley Lake,5/30/2006 14:56,2006,0.411,150,2006.411,Fixed suspended solids,5,mg/l,TRUE,1
22880001,Green Valley Lake,6/27/2006 10:16,2006,0.4877,178,2006.4877,Fixed suspended solids,7,mg/l,TRUE,1
22880001,Green Valley Lake,8/1/2006 6:24,2006,0.5836,213,2006.5836,Fixed suspended solids,7,mg/l,TRUE,1
22880001,Green Valley Lake,5/23/2007 8:30,2007,0.3918,143,2007.3918,Fixed suspended solids,5,mg/l,TRUE,1
22880001,Green Valley Lake,5/29/2007 15:00,2007,0.4082,149,2007.4082,Fixed suspended solids,5,mg/l,TRUE,1
22880001,Green Valley Lake,6/26/2007 9:15,2007,0.4849,177,2007.4849,Fixed suspended solids,5,mg/l,TRUE,1
22880001,Green Valley Lake,7/30/2007 16:00,2007,0.5781,211,2007.5781,Fixed suspended solids,5,mg/l,TRUE,1
22880001,Green Valley Lake,7/31/2007 16:20,2007,0.5808,212,2007.5808,Fixed suspended solids,6,mg/l,TRUE,1
22880001,Green Valley Lake,9/12/2007 11:35,2007,0.6986,255,2007.6986,Fixed suspended solids,6,mg/l,TRUE,1
22880001,Green Valley Lake,5/6/2008 16:15,2008,0.3479,127,2008.3479,Fixed suspended solids,3,mg/l,TRUE,1
22880001,Green Valley Lake,7/8/2008 13:45,2008,0.5205,190,2008.5205,Fixed suspended solids,4,mg/l,TRUE,1
22880001,Green Valley Lake,6/13/2011 14:54,2011,0.4493,164,2011.4493,Fixed suspended solids,9,mg/l,TRUE,5
22880001,Green Valley Lake,8/1/2011 10:39,2011,0.5836,213,2011.5836,Fixed suspended solids,11.4,mg/l,TRUE,5
22880001,Green Valley Lake,9/12/2011 10:35,2011,0.6986,255,2011.6986,Fixed suspended solids,14,mg/l,TRUE,5
22880001,Green Valley Lake,6/11/2012 13:28,2012,0.4466,163,2012.4466,Fixed suspended solids,3.3,mg/l,TRUE,3.2
22880001,Green Valley Lake,7/30/2012 10:39,2012,0.5808,212,2012.5808,Fixed suspended solids,12.8,mg/l,TRUE,3.2
22880001,Green Valley Lake,9/12/2012 9:41,2012,0.7014,256,2012.7014,Fixed suspended solids,9.5,mg/l,TRUE,3.2
22880001,Green Valley Lake,6/10/2013 14:35,2013,0.4411,161,2013.4411,Fixed suspended solids,3.2,mg/l,FALSE,3.2
22880001,Green Valley Lake,7/29/2013 12:45,2013,0.5753,210,2013.5753,Fixed suspended solids,9,mg/l,TRUE,3.2
22880001,Green Valley Lake,9/9/2013 13:08,2013,0.6904,252,2013.6904,Fixed suspended solids,6,mg/l,TRUE,3.2
22880001,Green Valley Lake,6/16/2014 12:27,2014,0.4575,167,2014.4575,Fixed suspended solids,2.4,mg/l,TRUE,2.1
22880001,Green Valley Lake,8/4/2014 13:32,2014,0.5918,216,2014.5918,Fixed suspended solids,2.1,mg/l,FALSE,2.1
22880001,Green Valley Lake,9/14/2014 13:13,2014,0.7041,257,2014.7041,Fixed suspended solids,6.99,mg/l,TRUE,2.1
22880001,Green Valley Lake,6/15/2015 12:57,2015,0.4548,166,2015.4548,Fixed suspended solids,3.4,mg/l,TRUE,1.4
22880001,Green Valley Lake,8/3/2015 12:00,2015,0.589,215,2015.589,Fixed suspended solids,13.5,mg/l,TRUE,1.4
22880001,Green Valley Lake,9/13/2015 12:30,2015,0.7014,256,2015.7014,Fixed suspended solids,10,mg/l,TRUE,1.4
22880001,Green Valley Lake,6/13/2016 12:20,2016,0.4521,165,2016.4521,Fixed suspended solids,5.4,mg/l,TRUE,0.8
22880001,Green Valley Lake,8/1/2016 16:40,2016,0.5863,214,2016.5863,Fixed suspended solids,5.2,mg/l,TRUE,0.8
22880001,Green Valley Lake,9/13/2016 16:08,2016,0.7041,257,2016.7041,Fixed suspended solids,9.6,mg/l,TRUE,0.8
22880001,Green Valley Lake,6/6/2017 13:21,2017,0.4301,157,2017.4301,Fixed suspended solids,2,mg/l,TRUE,0.6
22880001,Green Valley Lake,7/25/2017 11:50,2017,0.5644,206,2017.5644,Fixed suspended solids,9,mg/l,TRUE,0.6
22880001,Green Valley Lake,8/29/2017 12:03,2017,0.6603,241,2017.6603,Fixed suspended solids,6,mg/l,TRUE,0.6
22880001,Green Valley Lake,6/5/2018 9:46,2018,0.4274,156,2018.4274,Fixed suspended solids,3,mg/l,TRUE,1.2
22880001,Green Valley Lake,7/25/2018 11:40,2018,0.5644,206,2018.5644,Fixed suspended solids,13,mg/l,TRUE,1.2
22880001,Green Valley Lake,8/29/2018 9:10,2018,0.6603,241,2018.6603,Fixed suspended solids,4,mg/l,TRUE,1.2
22880001,Green Valley Lake,6/11/2019 11:05,2019,0.4438,162,2019.4438,Fixed suspended solids,13,mg/l,TRUE,1.2
22880001,Green Valley Lake,7/31/2019 9:30,2019,0.5808,212,2019.5808,Fixed suspended solids,7,mg/l,TRUE,1.2
22880001,Green Valley Lake,9/8/2019 13:00,2019,0.6877,251,2019.6877,Fixed suspended solids,1.2,mg/l,FALSE,1.2
22880001,Green Valley Lake,6/15/2005 11:10,2005,0.4548,166,2005.4548,Kjeldahl nitrogen,1.4,mg/l,TRUE,0.1
22880001,Green Valley Lake,7/14/2005 8:15,2005,0.5342,195,2005.5342,Kjeldahl nitrogen,3000,mg/kg,TRUE,10
22880001,Green Valley Lake,7/14/2005 8:15,2005,0.5342,195,2005.5342,Kjeldahl nitrogen,1.2,mg/l,TRUE,0.1
22880001,Green Valley Lake,9/14/2005 7:15,2005,0.7041,257,2005.7041,Kjeldahl nitrogen,1.8,mg/l,TRUE,0.1
22880001,Green Valley Lake,5/3/2006 13:55,2006,0.337,123,2006.337,Kjeldahl nitrogen,1,mg/l,TRUE,0.1
22880001,Green Valley Lake,5/23/2007 8:30,2007,0.3918,143,2007.3918,Kjeldahl nitrogen,0.9,mg/l,TRUE,0.1
22880001,Green Valley Lake,7/30/2007 16:00,2007,0.5781,211,2007.5781,Kjeldahl nitrogen,1.6,mg/l,TRUE,0.1
22880001,Green Valley Lake,9/12/2007 11:35,2007,0.6986,255,2007.6986,Kjeldahl nitrogen,1.8,mg/l,TRUE,0.1
22880001,Green Valley Lake,5/6/2008 16:15,2008,0.3479,127,2008.3479,Kjeldahl nitrogen,1.4,mg/l,TRUE,0.1
22880001,Green Valley Lake,7/8/2008 13:45,2008,0.5205,190,2008.5205,Kjeldahl nitrogen,1.4,mg/l,TRUE,0.1
22880001,Green Valley Lake,6/13/2011 14:54,2011,0.4493,164,2011.4493,Kjeldahl nitrogen,0.96,mg/l,TRUE,0.5
22880001,Green Valley Lake,8/1/2011 10:39,2011,0.5836,213,2011.5836,Kjeldahl nitrogen,0.5,mg/l,FALSE,0.5
22880001,Green Valley Lake,9/12/2011 10:35,2011,0.6986,255,2011.6986,Kjeldahl nitrogen,0.85,mg/l,TRUE,0.5
22880001,Green Valley Lake,6/11/2012 13:28,2012,0.4466,163,2012.4466,Kjeldahl nitrogen,2.07,mg/l,TRUE,0.1
22880001,Green Valley Lake,7/30/2012 10:39,2012,0.5808,212,2012.5808,Kjeldahl nitrogen,1.34,mg/l,TRUE,0.1
22880001,Green Valley Lake,9/12/2012 9:41,2012,0.7014,256,2012.7014,Kjeldahl nitrogen,2.03,mg/l,TRUE,0.1
22880001,Green Valley Lake,6/10/2013 14:35,2013,0.4411,161,2013.4411,Kjeldahl nitrogen,0.84,mg/l,TRUE,0.28
22880001,Green Valley Lake,7/29/2013 12:45,2013,0.5753,210,2013.5753,Kjeldahl nitrogen,1.73,mg/l,TRUE,0.28
22880001,Green Valley Lake,9/9/2013 13:08,2013,0.6904,252,2013.6904,Kjeldahl nitrogen,1.21,mg/l,TRUE,0.28
22880001,Green Valley Lake,4/17/2014 13:40,2014,0.2932,107,2014.2932,Kjeldahl nitrogen,1.4,mg/l,TRUE,0.1
22880001,Green Valley Lake,4/29/2014 12:20,2014,0.326,119,2014.326,Kjeldahl nitrogen,1.3,mg/l,TRUE,0.1
22880001,Green Valley Lake,5/14/2014 9:00,2014,0.3671,134,2014.3671,Kjeldahl nitrogen,1.4,mg/l,TRUE,0.1
22880001,Green Valley Lake,5/27/2014 13:25,2014,0.4027,147,2014.4027,Kjeldahl nitrogen,0.9,mg/l,TRUE,0.1
22880001,Green Valley Lake,6/10/2014 10:40,2014,0.4411,161,2014.4411,Kjeldahl nitrogen,1.2,mg/l,TRUE,0.1
22880001,Green Valley Lake,6/16/2014 12:27,2014,0.4575,167,2014.4575,Kjeldahl nitrogen,1.3297,mg/l,TRUE,0.26
22880001,Green Valley Lake,6/23/2014 11:10,2014,0.4767,174,2014.4767,Kjeldahl nitrogen,2.3,mg/l,TRUE,0.1
22880001,Green Valley Lake,7/7/2014 12:15,2014,0.5151,188,2014.5151,Kjeldahl nitrogen,1.8,mg/l,TRUE,0.1
22880001,Green Valley Lake,7/23/2014 13:15,2014,0.5589,204,2014.5589,Kjeldahl nitrogen,2.4,mg/l,TRUE,0.1
22880001,Green Valley Lake,8/4/2014 13:32,2014,0.5918,216,2014.5918,Kjeldahl nitrogen,2.6157,mg/l,TRUE,0.26
22880001,Green Valley Lake,8/7/2014 10:30,2014,0.6,219,2014.6,Kjeldahl nitrogen,1.1,mg/l,TRUE,0.1
22880001,Green Valley Lake,8/19/2014 11:30,2014,0.6329,231,2014.6329,Kjeldahl nitrogen,2.7,mg/l,TRUE,0.1
22880001,Green Valley Lake,9/3/2014 10:50,2014,0.674,246,2014.674,Kjeldahl nitrogen,1.8,mg/l,TRUE,0.1
22880001,Green Valley Lake,9/14/2014 13:13,2014,0.7041,257,2014.7041,Kjeldahl nitrogen,1.5717,mg/l,TRUE,0.26
22880001,Green Valley Lake,9/16/2014 9:30,2014,0.7096,259,2014.7096,Kjeldahl nitrogen,1.2,mg/l,TRUE,0.1
22880001,Green Valley Lake,9/30/2014 10:10,2014,0.7479,273,2014.7479,Kjeldahl nitrogen,1.1,mg/l,TRUE,0.1
22880001,Green Valley Lake,4/13/2015 11:00,2015,0.2822,103,2015.2822,Kjeldahl nitrogen,1.5,mg/l,TRUE,0.1
22880001,Green Valley Lake,4/27/2015 10:30,2015,0.3205,117,2015.3205,Kjeldahl nitrogen,1.2,mg/l,TRUE,0.1
22880001,Green Valley Lake,5/11/2015 10:50,2015,0.3589,131,2015.3589,Kjeldahl nitrogen,3.1,mg/l,TRUE,0.1
22880001,Green Valley Lake,5/27/2015 10:45,2015,0.4027,147,2015.4027,Kjeldahl nitrogen,1.2,mg/l,TRUE,0.1
22880001,Green Valley Lake,6/10/2015 10:10,2015,0.4411,161,2015.4411,Kjeldahl nitrogen,1.5,mg/l,TRUE,0.1
22880001,Green Valley Lake,6/15/2015 12:57,2015,0.4548,166,2015.4548,Kjeldahl nitrogen,1.35,mg/l,TRUE,0.16
22880001,Green Valley Lake,6/25/2015 13:00,2015,0.4822,176,2015.4822,Kjeldahl nitrogen,1.7,mg/l,TRUE,0.1
22880001,Green Valley Lake,7/7/2015 9:45,2015,0.5151,188,2015.5151,Kjeldahl nitrogen,2.3,mg/l,TRUE,0.1
22880001,Green Valley Lake,7/23/2015 11:15,2015,0.5589,204,2015.5589,Kjeldahl nitrogen,2.1,mg/l,TRUE,0.1
22880001,Green Valley Lake,8/3/2015 12:00,2015,0.589,215,2015.589,Kjeldahl nitrogen,2.69,mg/l,TRUE,0.16
22880001,Green Valley Lake,8/6/2015 11:50,2015,0.5973,218,2015.5973,Kjeldahl nitrogen,1.8,mg/l,TRUE,0.1
22880001,Green Valley Lake,8/12/2015 11:40,2015,0.6137,224,2015.6137,Kjeldahl nitrogen,5.9,mg/l,TRUE,0.1
22880001,Green Valley Lake,8/24/2015 11:25,2015,0.6466,236,2015.6466,Kjeldahl nitrogen,2.6,mg/l,TRUE,0.1
22880001,Green Valley Lake,9/10/2015 10:40,2015,0.6932,253,2015.6932,Kjeldahl nitrogen,1.2,mg/l,TRUE,0.1
22880001,Green Valley Lake,9/13/2015 12:30,2015,0.7014,256,2015.7014,Kjeldahl nitrogen,1.28,mg/l,TRUE,0.16
22880001,Green Valley Lake,9/16/2015 12:45,2015,0.7096,259,2015.7096,Kjeldahl nitrogen,1.1,mg/l,TRUE,0.1
22880001,Green Valley Lake,9/21/2015 12:15,2015,0.7233,264,2015.7233,Kjeldahl nitrogen,1.5,mg/l,TRUE,0.1
22880001,Green Valley Lake,10/8/2015 11:20,2015,0.7699,281,2015.7699,Kjeldahl nitrogen,1.4,mg/l,TRUE,0.1
22880001,Green Valley Lake,6/13/2016 12:20,2016,0.4521,165,2016.4521,Kjeldahl nitrogen,0.8,mg/l,TRUE,0.22
22880001,Green Valley Lake,8/1/2016 16:40,2016,0.5863,214,2016.5863,Kjeldahl nitrogen,1.22,mg/l,TRUE,0.22
22880001,Green Valley Lake,9/13/2016 16:08,2016,0.7041,257,2016.7041,Kjeldahl nitrogen,1.17,mg/l,TRUE,0.22
22880001,Green Valley Lake,6/6/2017 13:21,2017,0.4301,157,2017.4301,Kjeldahl nitrogen,1.24,mg/l,TRUE,0.22
22880001,Green Valley Lake,7/25/2017 11:50,2017,0.5644,206,2017.5644,Kjeldahl nitrogen,1.44,mg/l,TRUE,0.22
22880001,Green Valley Lake,8/29/2017 12:03,2017,0.6603,241,2017.6603,Kjeldahl nitrogen,2.55,mg/l,TRUE,0.22
22880001,Green Valley Lake,6/5/2018 9:46,2018,0.4274,156,2018.4274,Kjeldahl nitrogen,1.95,mg/l,TRUE,0.26
22880001,Green Valley Lake,7/25/2018 11:40,2018,0.5644,206,2018.5644,Kjeldahl nitrogen,1.89,mg/l,TRUE,0.26
22880001,Green Valley Lake,8/29/2018 9:10,2018,0.6603,241,2018.6603,Kjeldahl nitrogen,1.22,mg/l,TRUE,0.26
22880001,Green Valley Lake,6/11/2019 11:05,2019,0.4438,162,2019.4438,Kjeldahl nitrogen,1.55,mg/l,TRUE,0.2
22880001,Green Valley Lake,7/31/2019 9:30,2019,0.5808,212,2019.5808,Kjeldahl nitrogen,1.48505,mg/l,TRUE,0.2
22880001,Green Valley Lake,9/8/2019 13:00,2019,0.6877,251,2019.6877,Kjeldahl nitrogen,0.92025,mg/l,TRUE,0.2
22880001,Green Valley Lake,6/20/2000 8:30,2000,0.4712,172,2000.4712,Nitrate,1.14,mg/l,TRUE,0.12
22880001,Green Valley Lake,7/18/2000 0:00,2000,0.5479,200,2000.5479,Nitrate,0.59,mg/l,TRUE,0.12
22880001,Green Valley Lake,8/8/2000 11:00,2000,0.6055,221,2000.6055,Nitrate,0.14,mg/l,TRUE,0.12
22880001,Green Valley Lake,5/22/2001 0:00,2001,0.389,142,2001.389,Nitrate,4.72,mg/l,TRUE,0.12
22880001,Green Valley Lake,6/19/2001 0:00,2001,0.4658,170,2001.4658,Nitrate,3.43,mg/l,TRUE,0.12
22880001,Green Valley Lake,7/23/2001 0:00,2001,0.5589,204,2001.5589,Nitrate,0.51,mg/l,TRUE,0.12
22880001,Green Valley Lake,5/28/2002 13:15,2002,0.4055,148,2002.4055,Nitrate,0.83,mg/l,TRUE,0.12
22880001,Green Valley Lake,6/24/2002 12:25,2002,0.4795,175,2002.4795,Nitrate,0.34,mg/l,TRUE,0.12
22880001,Green Valley Lake,7/29/2002 0:00,2002,0.5753,210,2002.5753,Nitrate,0.15,mg/l,TRUE,0.12
22880001,Green Valley Lake,5/27/2003 0:00,2003,0.4027,147,2003.4027,Nitrate,1.66,mg/l,TRUE,0.12
22880001,Green Valley Lake,6/23/2003 0:00,2003,0.4767,174,2003.4767,Nitrate,0.64,mg/l,TRUE,0.12
22880001,Green Valley Lake,7/29/2003 7:50,2003,0.5753,210,2003.5753,Nitrate,0.12,mg/l,FALSE,0.12
22880001,Green Valley Lake,5/25/2004 14:00,2004,0.4,146,2004.4,Nitrate,1.48,mg/l,TRUE,0.12
22880001,Green Valley Lake,6/21/2004 15:45,2004,0.474,173,2004.474,Nitrate,2.63,mg/l,TRUE,0.12
22880001,Green Valley Lake,7/27/2004 8:30,2004,0.5726,209,2004.5726,Nitrate,0.77,mg/l,TRUE,0.12
22880001,Green Valley Lake,5/31/2005 15:15,2005,0.4137,151,2005.4137,Nitrate,2.42,mg/l,TRUE,0.12
22880001,Green Valley Lake,6/15/2005 11:10,2005,0.4548,166,2005.4548,Nitrate,2.1,mg/l,TRUE,0.05
22880001,Green Valley Lake,6/27/2005 15:00,2005,0.4877,178,2005.4877,Nitrate,1.35,mg/l,TRUE,0.12
22880001,Green Valley Lake,7/14/2005 8:15,2005,0.5342,195,2005.5342,Nitrate,10,mg/kg,FALSE,10
22880001,Green Valley Lake,7/14/2005 8:15,2005,0.5342,195,2005.5342,Nitrate,0.05,mg/l,FALSE,0.05
22880001,Green Valley Lake,8/2/2005 13:30,2005,0.5863,214,2005.5863,Nitrate,0.13,mg/l,TRUE,0.12
22880001,Green Valley Lake,9/14/2005 7:15,2005,0.7041,257,2005.7041,Nitrate,0.17,mg/l,TRUE,0.05
22880001,Green Valley Lake,5/3/2006 13:55,2006,0.337,123,2006.337,Nitrate,0.18,mg/l,TRUE,0.05
22880001,Green Valley Lake,5/30/2006 14:56,2006,0.411,150,2006.411,Nitrate,1.08,mg/l,TRUE,0.12
22880001,Green Valley Lake,6/27/2006 10:16,2006,0.4877,178,2006.4877,Nitrate,0.75,mg/l,TRUE,0.12
22880001,Green Valley Lake,8/1/2006 6:24,2006,0.5836,213,2006.5836,Nitrate,0.12,mg/l,FALSE,0.12
22880001,Green Valley Lake,5/23/2007 8:30,2007,0.3918,143,2007.3918,Nitrate,4.5,mg/l,TRUE,0.05
22880001,Green Valley Lake,5/29/2007 15:00,2007,0.4082,149,2007.4082,Nitrate,4.46,mg/l,TRUE,0.12
22880001,Green Valley Lake,6/26/2007 9:15,2007,0.4849,177,2007.4849,Nitrate,2.17,mg/l,TRUE,0.12
22880001,Green Valley Lake,7/30/2007 16:00,2007,0.5781,211,2007.5781,Nitrate,0.05,mg/l,FALSE,0.05
22880001,Green Valley Lake,7/31/2007 16:20,2007,0.5808,212,2007.5808,Nitrate,0,,TRUE,0.12
22880001,Green Valley Lake,9/12/2007 11:35,2007,0.6986,255,2007.6986,Nitrate,0.05,mg/l,FALSE,0.05
22880001,Green Valley Lake,5/6/2008 16:15,2008,0.3479,127,2008.3479,Nitrate,1.7,mg/l,TRUE,0.05
22880001,Green Valley Lake,7/8/2008 13:45,2008,0.5205,190,2008.5205,Nitrate,2.2,mg/l,TRUE,0.05
22880001,Green Valley Lake,6/13/2011 14:54,2011,0.4493,164,2011.4493,Nitrate,4.14,mg/l,TRUE,0.4
22880001,Green Valley Lake,8/1/2011 10:39,2011,0.5836,213,2011.5836,Nitrate,0.4,mg/l,FALSE,0.4
22880001,Green Valley Lake,9/12/2011 10:35,2011,0.6986,255,2011.6986,Nitrate,0.4,mg/l,FALSE,0.4
22880001,Green Valley Lake,6/11/2012 13:28,2012,0.4466,163,2012.4466,Nitrate,0.06,mg/l,FALSE,0.06
22880001,Green Valley Lake,7/30/2012 10:39,2012,0.5808,212,2012.5808,Nitrate,0.06,mg/l,FALSE,0.06
22880001,Green Valley Lake,9/12/2012 9:41,2012,0.7014,256,2012.7014,Nitrate,0.06,mg/l,TRUE,0.06
22880001,Green Valley Lake,6/10/2013 14:35,2013,0.4411,161,2013.4411,Nitrate,2.24,mg/l,TRUE,0.14
22880001,Green Valley Lake,7/29/2013 12:45,2013,0.5753,210,2013.5753,Nitrate,0.14,mg/l,FALSE,0.14
22880001,Green Valley Lake,9/9/2013 13:08,2013,0.6904,252,2013.6904,Nitrate,0.14,mg/l,FALSE,0.14
22880001,Green Valley Lake,4/17/2014 13:40,2014,0.2932,107,2014.2932,Nitrate,0.1,mg/l,FALSE,0.1
22880001,Green Valley Lake,4/29/2014 12:20,2014,0.326,119,2014.326,Nitrate,0.1,mg/l,FALSE,0.1
22880001,Green Valley Lake,5/14/2014 9:00,2014,0.3671,134,2014.3671,Nitrate,0.1,mg/l,FALSE,0.1
22880001,Green Valley Lake,5/27/2014 13:25,2014,0.4027,147,2014.4027,Nitrate,0.1,mg/l,FALSE,0.1
22880001,Green Valley Lake,6/10/2014 10:40,2014,0.4411,161,2014.4411,Nitrate,0.32,mg/l,TRUE,0.1
22880001,Green Valley Lake,6/16/2014 12:27,2014,0.4575,167,2014.4575,Nitrate,0.4655,mg/l,TRUE,0.06
22880001,Green Valley Lake,6/23/2014 11:10,2014,0.4767,174,2014.4767,Nitrate,0.1,mg/l,FALSE,0.1
22880001,Green Valley Lake,7/7/2014 12:15,2014,0.5151,188,2014.5151,Nitrate,0.24,mg/l,TRUE,0.1
22880001,Green Valley Lake,7/23/2014 13:15,2014,0.5589,204,2014.5589,Nitrate,0.1,mg/l,FALSE,0.1
22880001,Green Valley Lake,8/4/2014 13:32,2014,0.5918,216,2014.5918,Nitrate,0.06,mg/l,FALSE,0.06
22880001,Green Valley Lake,8/7/2014 10:30,2014,0.6,219,2014.6,Nitrate,0.1,mg/l,FALSE,0.1
22880001,Green Valley Lake,8/19/2014 11:30,2014,0.6329,231,2014.6329,Nitrate,0.1,mg/l,FALSE,0.1
22880001,Green Valley Lake,9/3/2014 10:50,2014,0.674,246,2014.674,Nitrate,0.12,mg/l,TRUE,0.1
22880001,Green Valley Lake,9/14/2014 13:13,2014,0.7041,257,2014.7041,Nitrate,0.8896,mg/l,TRUE,0.06
22880001,Green Valley Lake,9/16/2014 9:30,2014,0.7096,259,2014.7096,Nitrate,0.7,mg/l,TRUE,0.1
22880001,Green Valley Lake,9/30/2014 10:10,2014,0.7479,273,2014.7479,Nitrate,0.59,mg/l,TRUE,0.1
22880001,Green Valley Lake,4/13/2015 11:00,2015,0.2822,103,2015.2822,Nitrate,0.17,mg/l,TRUE,0.1
22880001,Green Valley Lake,4/27/2015 10:30,2015,0.3205,117,2015.3205,Nitrate,0.1,mg/l,FALSE,0.1
22880001,Green Valley Lake,5/11/2015 10:50,2015,0.3589,131,2015.3589,Nitrate,0.1,mg/l,FALSE,0.1
22880001,Green Valley Lake,5/27/2015 10:45,2015,0.4027,147,2015.4027,Nitrate,1.2,mg/l,TRUE,0.1
22880001,Green Valley Lake,6/10/2015 10:10,2015,0.4411,161,2015.4411,Nitrate,2,mg/l,TRUE,0.1
22880001,Green Valley Lake,6/15/2015 12:57,2015,0.4548,166,2015.4548,Nitrate,2.1,mg/l,TRUE,0.06
22880001,Green Valley Lake,6/25/2015 13:00,2015,0.4822,176,2015.4822,Nitrate,2.2,mg/l,TRUE,0.1
22880001,Green Valley Lake,7/7/2015 9:45,2015,0.5151,188,2015.5151,Nitrate,1.1,mg/l,TRUE,0.1
22880001,Green Valley Lake,7/23/2015 11:15,2015,0.5589,204,2015.5589,Nitrate,0.27,mg/l,TRUE,0.1
22880001,Green Valley Lake,8/3/2015 12:00,2015,0.589,215,2015.589,Nitrate,0.1,mg/l,TRUE,0.06
22880001,Green Valley Lake,8/6/2015 11:50,2015,0.5973,218,2015.5973,Nitrate,0.26,mg/l,TRUE,0.1
22880001,Green Valley Lake,8/12/2015 11:40,2015,0.6137,224,2015.6137,Nitrate,0.1,mg/l,FALSE,0.1
22880001,Green Valley Lake,8/24/2015 11:25,2015,0.6466,236,2015.6466,Nitrate,0.1,mg/l,FALSE,0.1
22880001,Green Valley Lake,9/10/2015 10:40,2015,0.6932,253,2015.6932,Nitrate,0.1,mg/l,FALSE,0.1
22880001,Green Valley Lake,9/13/2015 12:30,2015,0.7014,256,2015.7014,Nitrate,0.1,mg/l,TRUE,0.06
22880001,Green Valley Lake,9/16/2015 12:45,2015,0.7096,259,2015.7096,Nitrate,0.1,mg/l,FALSE,0.1
22880001,Green Valley Lake,9/21/2015 12:15,2015,0.7233,264,2015.7233,Nitrate,0.22,mg/l,TRUE,0.1
22880001,Green Valley Lake,10/8/2015 11:20,2015,0.7699,281,2015.7699,Nitrate,0.4,mg/l,TRUE,0.1
22880001,Green Valley Lake,6/13/2016 12:20,2016,0.4521,165,2016.4521,Nitrate,0.2,mg/l,TRUE,0.07
22880001,Green Valley Lake,8/1/2016 16:40,2016,0.5863,214,2016.5863,Nitrate,0.07,mg/l,FALSE,0.07
22880001,Green Valley Lake,9/13/2016 16:08,2016,0.7041,257,2016.7041,Nitrate,0.07,mg/l,FALSE,0.07
22880001,Green Valley Lake,6/6/2017 13:21,2017,0.4301,157,2017.4301,Nitrate,0.6,mg/l,TRUE,0.04
22880001,Green Valley Lake,7/25/2017 11:50,2017,0.5644,206,2017.5644,Nitrate,0.04,mg/l,FALSE,0.04
22880001,Green Valley Lake,8/29/2017 12:03,2017,0.6603,241,2017.6603,Nitrate,0.04,mg/l,FALSE,0.04
22880001,Green Valley Lake,6/5/2018 9:46,2018,0.4274,156,2018.4274,Nitrate,0.04,mg/l,FALSE,0.04
22880001,Green Valley Lake,7/25/2018 11:40,2018,0.5644,206,2018.5644,Nitrate,0.04,mg/l,FALSE,0.04
22880001,Green Valley Lake,8/29/2018 9:10,2018,0.6603,241,2018.6603,Nitrate,0.04,mg/l,FALSE,0.04
22880001,Green Valley Lake,6/11/2019 11:05,2019,0.4438,162,2019.4438,Nitrate,1.51395,mg/l,TRUE,0.04
22880001,Green Valley Lake,7/31/2019 9:30,2019,0.5808,212,2019.5808,Nitrate,0.04,mg/l,FALSE,0.04
22880001,Green Valley Lake,9/8/2019 13:00,2019,0.6877,251,2019.6877,Nitrate,0.04,mg/l,FALSE,0.04
22880001,Green Valley Lake,5/28/2002 13:15,2002,0.4055,148,2002.4055,Orthophosphate (as P),0.001,mg/l,FALSE,0.001
22880001,Green Valley Lake,6/24/2002 12:25,2002,0.4795,175,2002.4795,Orthophosphate (as P),0.001,mg/l,FALSE,0.001
22880001,Green Valley Lake,7/29/2002 0:00,2002,0.5753,210,2002.5753,Orthophosphate (as P),0.069,mg/l,TRUE,0.001
22880001,Green Valley Lake,5/27/2003 0:00,2003,0.4027,147,2003.4027,Orthophosphate (as P),0.001,mg/l,FALSE,0.001
22880001,Green Valley Lake,6/23/2003 0:00,2003,0.4767,174,2003.4767,Orthophosphate (as P),0.008,mg/l,TRUE,0.001
22880001,Green Valley Lake,7/29/2003 7:50,2003,0.5753,210,2003.5753,Orthophosphate (as P),0.049,mg/l,TRUE,0.001
22880001,Green Valley Lake,5/25/2004 14:00,2004,0.4,146,2004.4,Orthophosphate (as P),0.004,mg/l,TRUE,0.001
22880001,Green Valley Lake,6/21/2004 15:45,2004,0.474,173,2004.474,Orthophosphate (as P),0.005,mg/l,TRUE,0.001
22880001,Green Valley Lake,7/27/2004 8:30,2004,0.5726,209,2004.5726,Orthophosphate (as P),0.002,mg/l,TRUE,0.001
22880001,Green Valley Lake,5/31/2005 15:15,2005,0.4137,151,2005.4137,Orthophosphate (as P),0.001,mg/l,FALSE,0.001
22880001,Green Valley Lake,6/15/2005 11:10,2005,0.4548,166,2005.4548,Orthophosphate (as P),0.02,mg/l,FALSE,0.02
22880001,Green Valley Lake,6/27/2005 15:00,2005,0.4877,178,2005.4877,Orthophosphate (as P),0.001,mg/l,FALSE,0.001
22880001,Green Valley Lake,7/14/2005 8:15,2005,0.5342,195,2005.5342,Orthophosphate (as P),0.02,mg/l,FALSE,0.02
22880001,Green Valley Lake,8/2/2005 13:30,2005,0.5863,214,2005.5863,Orthophosphate (as P),0.083,mg/l,TRUE,0.001
22880001,Green Valley Lake,9/14/2005 7:15,2005,0.7041,257,2005.7041,Orthophosphate (as P),0.11,mg/l,TRUE,0.02
22880001,Green Valley Lake,5/3/2006 13:55,2006,0.337,123,2006.337,Orthophosphate (as P),0.02,mg/l,TRUE,0.02
22880001,Green Valley Lake,5/30/2006 14:56,2006,0.411,150,2006.411,Orthophosphate (as P),0.001,mg/l,FALSE,0.001
22880001,Green Valley Lake,5/23/2007 8:30,2007,0.3918,143,2007.3918,Orthophosphate (as P),0.02,mg/l,FALSE,0.02
22880001,Green Valley Lake,5/29/2007 15:00,2007,0.4082,149,2007.4082,Orthophosphate (as P),0,,TRUE,0.001
22880001,Green Valley Lake,7/30/2007 16:00,2007,0.5781,211,2007.5781,Orthophosphate (as P),0.02,mg/l,TRUE,0.02
22880001,Green Valley Lake,7/31/2007 16:20,2007,0.5808,212,2007.5808,Orthophosphate (as P),0,,TRUE,0.001
22880001,Green Valley Lake,9/12/2007 11:35,2007,0.6986,255,2007.6986,Orthophosphate (as P),0.02,mg/l,FALSE,0.02
22880001,Green Valley Lake,5/6/2008 16:15,2008,0.3479,127,2008.3479,Orthophosphate (as P),0.03,mg/l,TRUE,0.02
22880001,Green Valley Lake,7/8/2008 13:45,2008,0.5205,190,2008.5205,Orthophosphate (as P),0.02,mg/l,TRUE,0.02
22880001,Green Valley Lake,6/13/2011 14:54,2011,0.4493,164,2011.4493,Orthophosphate (as P),0.0435,mg/l,TRUE,0.011
22880001,Green Valley Lake,8/1/2011 10:39,2011,0.5836,213,2011.5836,Orthophosphate (as P),0.3923,mg/l,TRUE,0.011
22880001,Green Valley Lake,9/12/2011 10:35,2011,0.6986,255,2011.6986,Orthophosphate (as P),0.605,mg/l,TRUE,0.011
22880001,Green Valley Lake,6/11/2012 13:28,2012,0.4466,163,2012.4466,Orthophosphate (as P),0.0838,mg/l,TRUE,0.01
22880001,Green Valley Lake,7/30/2012 10:39,2012,0.5808,212,2012.5808,Orthophosphate (as P),0.3358,mg/l,TRUE,0.01
22880001,Green Valley Lake,9/12/2012 9:41,2012,0.7014,256,2012.7014,Orthophosphate (as P),0.2787,mg/l,TRUE,0.01
22880001,Green Valley Lake,6/10/2013 14:35,2013,0.4411,161,2013.4411,Orthophosphate (as P),0.0316,mg/l,TRUE,0.014
22880001,Green Valley Lake,7/29/2013 12:45,2013,0.5753,210,2013.5753,Orthophosphate (as P),0.0851,mg/l,TRUE,0.014
22880001,Green Valley Lake,9/9/2013 13:08,2013,0.6904,252,2013.6904,Orthophosphate (as P),0.1523,mg/l,TRUE,0.014
22880001,Green Valley Lake,4/17/2014 13:40,2014,0.2932,107,2014.2932,Orthophosphate (as P),0.02,mg/l,FALSE,0.02
22880001,Green Valley Lake,4/29/2014 12:20,2014,0.326,119,2014.326,Orthophosphate (as P),0.02,mg/l,FALSE,0.02
22880001,Green Valley Lake,5/14/2014 9:00,2014,0.3671,134,2014.3671,Orthophosphate (as P),0.03,mg/l,TRUE,0.02
22880001,Green Valley Lake,5/27/2014 13:25,2014,0.4027,147,2014.4027,Orthophosphate (as P),0.02,mg/l,FALSE,0.02
22880001,Green Valley Lake,6/10/2014 10:40,2014,0.4411,161,2014.4411,Orthophosphate (as P),0.02,mg/l,FALSE,0.02
22880001,Green Valley Lake,6/16/2014 12:27,2014,0.4575,167,2014.4575,Orthophosphate (as P),0.0174,mg/l,TRUE,0.01
22880001,Green Valley Lake,6/23/2014 11:10,2014,0.4767,174,2014.4767,Orthophosphate (as P),0.02,mg/l,FALSE,0.02
22880001,Green Valley Lake,7/7/2014 12:15,2014,0.5151,188,2014.5151,Orthophosphate (as P),0.04,mg/l,TRUE,0.02
22880001,Green Valley Lake,7/23/2014 13:15,2014,0.5589,204,2014.5589,Orthophosphate (as P),0.02,mg/l,TRUE,0.02
22880001,Green Valley Lake,8/4/2014 13:32,2014,0.5918,216,2014.5918,Orthophosphate (as P),0.1017,mg/l,TRUE,0.01
22880001,Green Valley Lake,8/7/2014 10:30,2014,0.6,219,2014.6,Orthophosphate (as P),0.12,mg/l,TRUE,0.02
22880001,Green Valley Lake,8/19/2014 11:30,2014,0.6329,231,2014.6329,Orthophosphate (as P),0.12,mg/l,TRUE,0.02
22880001,Green Valley Lake,9/3/2014 10:50,2014,0.674,246,2014.674,Orthophosphate (as P),0.17,mg/l,TRUE,0.02
22880001,Green Valley Lake,9/14/2014 13:13,2014,0.7041,257,2014.7041,Orthophosphate (as P),0.1204,mg/l,TRUE,0.01
22880001,Green Valley Lake,9/16/2014 9:30,2014,0.7096,259,2014.7096,Orthophosphate (as P),0.11,mg/l,TRUE,0.02
22880001,Green Valley Lake,9/30/2014 10:10,2014,0.7479,273,2014.7479,Orthophosphate (as P),0.02,mg/l,FALSE,0.02
22880001,Green Valley Lake,4/13/2015 11:00,2015,0.2822,103,2015.2822,Orthophosphate (as P),0.02,mg/l,FALSE,0.02
22880001,Green Valley Lake,4/27/2015 10:30,2015,0.3205,117,2015.3205,Orthophosphate (as P),0.02,mg/l,FALSE,0.02
22880001,Green Valley Lake,5/11/2015 10:50,2015,0.3589,131,2015.3589,Orthophosphate (as P),0.02,mg/l,FALSE,0.02
22880001,Green Valley Lake,5/11/2015 11:00,2015,0.3589,131,2015.3589,Orthophosphate (as P),0.02,mg/l,FALSE,0.02
22880001,Green Valley Lake,5/27/2015 10:45,2015,0.4027,147,2015.4027,Orthophosphate (as P),0.04,mg/l,TRUE,0.02
22880001,Green Valley Lake,6/10/2015 10:10,2015,0.4411,161,2015.4411,Orthophosphate (as P),0.02,mg/l,FALSE,0.02
22880001,Green Valley Lake,6/15/2015 12:57,2015,0.4548,166,2015.4548,Orthophosphate (as P),0.0043,mg/l,FALSE,0.0043
22880001,Green Valley Lake,6/25/2015 13:00,2015,0.4822,176,2015.4822,Orthophosphate (as P),0.02,mg/l,FALSE,0.02
22880001,Green Valley Lake,7/7/2015 9:45,2015,0.5151,188,2015.5151,Orthophosphate (as P),0.02,mg/l,FALSE,0.02
22880001,Green Valley Lake,7/23/2015 11:15,2015,0.5589,204,2015.5589,Orthophosphate (as P),0.03,mg/l,TRUE,0.02
22880001,Green Valley Lake,8/3/2015 12:00,2015,0.589,215,2015.589,Orthophosphate (as P),0.0695,mg/l,TRUE,0.0043
22880001,Green Valley Lake,8/6/2015 11:50,2015,0.5973,218,2015.5973,Orthophosphate (as P),0.11,mg/l,TRUE,0.02
22880001,Green Valley Lake,8/12/2015 11:40,2015,0.6137,224,2015.6137,Orthophosphate (as P),0.06,mg/l,TRUE,0.02
22880001,Green Valley Lake,8/24/2015 11:25,2015,0.6466,236,2015.6466,Orthophosphate (as P),0.13,mg/l,TRUE,0.02
22880001,Green Valley Lake,9/10/2015 10:40,2015,0.6932,253,2015.6932,Orthophosphate (as P),0.17,mg/l,TRUE,0.02
22880001,Green Valley Lake,9/13/2015 12:30,2015,0.7014,256,2015.7014,Orthophosphate (as P),0.2024,mg/l,TRUE,0.0043
22880001,Green Valley Lake,9/16/2015 12:45,2015,0.7096,259,2015.7096,Orthophosphate (as P),0.18,mg/l,TRUE,0.02
22880001,Green Valley Lake,9/21/2015 12:15,2015,0.7233,264,2015.7233,Orthophosphate (as P),0.2,mg/l,TRUE,0.02
22880001,Green Valley Lake,10/8/2015 11:20,2015,0.7699,281,2015.7699,Orthophosphate (as P),0.15,mg/l,TRUE,0.02
22880001,Green Valley Lake,6/13/2016 12:20,2016,0.4521,165,2016.4521,Orthophosphate (as P),0.0028,mg/l,FALSE,0.0028
22880001,Green Valley Lake,8/1/2016 16:40,2016,0.5863,214,2016.5863,Orthophosphate (as P),0.1458,mg/l,TRUE,0.0028
22880001,Green Valley Lake,9/13/2016 16:08,2016,0.7041,257,2016.7041,Orthophosphate (as P),0.1484,mg/l,TRUE,0.0028
22880001,Green Valley Lake,6/6/2017 13:21,2017,0.4301,157,2017.4301,Orthophosphate (as P),0.0048,mg/l,FALSE,0.0048
22880001,Green Valley Lake,7/25/2017 11:50,2017,0.5644,206,2017.5644,Orthophosphate (as P),0.1451,mg/l,TRUE,0.0048
22880001,Green Valley Lake,8/29/2017 12:03,2017,0.6603,241,2017.6603,Orthophosphate (as P),0.0667,mg/l,TRUE,0.0048
22880001,Green Valley Lake,6/5/2018 9:46,2018,0.4274,156,2018.4274,Orthophosphate (as P),0.0107,mg/l,TRUE,0.0058
22880001,Green Valley Lake,7/25/2018 11:40,2018,0.5644,206,2018.5644,Orthophosphate (as P),0.0058,mg/l,FALSE,0.0058
22880001,Green Valley Lake,8/29/2018 9:10,2018,0.6603,241,2018.6603,Orthophosphate (as P),0.0058,mg/l,FALSE,0.0058
22880001,Green Valley Lake,6/11/2019 11:05,2019,0.4438,162,2019.4438,Orthophosphate (as P),0.0108,mg/l,FALSE,0.0108
22880001,Green Valley Lake,7/31/2019 9:30,2019,0.5808,212,2019.5808,Orthophosphate (as P),0.16935,mg/l,TRUE,0.0108
22880001,Green Valley Lake,9/8/2019 13:00,2019,0.6877,251,2019.6877,Orthophosphate (as P),0.21405,mg/l,TRUE,0.0108
22880001,Green Valley Lake,,2000,0.4712,172,2000.4712,Total Nitrogen,2.53,mg/l,TRUE,
22880001,Green Valley Lake,,2000,0.5479,200,2000.5479,Total Nitrogen,2.14,mg/l,TRUE,
22880001,Green Valley Lake,,2000,0.6055,221,2000.6055,Total Nitrogen,1.38,mg/l,TRUE,
22880001,Green Valley Lake,,2001,0.389,142,2001.389,Total Nitrogen,5.01,mg/l,TRUE,
22880001,Green Valley Lake,,2001,0.4658,170,2001.4658,Total Nitrogen,4.06,mg/l,TRUE,
22880001,Green Valley Lake,,2001,0.5589,204,2001.5589,Total Nitrogen,1.63,mg/l,TRUE,
22880001,Green Valley Lake,,2002,0.4055,148,2002.4055,Total Nitrogen,1.98,mg/l,TRUE,
22880001,Green Valley Lake,,2002,0.4795,175,2002.4795,Total Nitrogen,1.41,mg/l,TRUE,
22880001,Green Valley Lake,,2002,0.5753,210,2002.5753,Total Nitrogen,1.89,mg/l,TRUE,
22880001,Green Valley Lake,,2003,0.4027,147,2003.4027,Total Nitrogen,2.68,mg/l,TRUE,
22880001,Green Valley Lake,,2003,0.4767,174,2003.4767,Total Nitrogen,1.74,mg/l,TRUE,
22880001,Green Valley Lake,,2003,0.5753,210,2003.5753,Total Nitrogen,1.46,mg/l,TRUE,
22880001,Green Valley Lake,,2004,0.4,146,2004.4,Total Nitrogen,2.5,mg/l,TRUE,
22880001,Green Valley Lake,,2004,0.474,173,2004.474,Total Nitrogen,3.98,mg/l,TRUE,
22880001,Green Valley Lake,,2004,0.5726,209,2004.5726,Total Nitrogen,2.08,mg/l,TRUE,
22880001,Green Valley Lake,,2005,0.4137,151,2005.4137,Total Nitrogen,3.11,mg/l,TRUE,
22880001,Green Valley Lake,,2005,0.4877,178,2005.4877,Total Nitrogen,2.2,mg/l,TRUE,
22880001,Green Valley Lake,,2005,0.5863,214,2005.5863,Total Nitrogen,1.24,mg/l,TRUE,
22880001,Green Valley Lake,,2006,0.411,150,2006.411,Total Nitrogen,2.23,mg/l,TRUE,
22880001,Green Valley Lake,,2006,0.4877,178,2006.4877,Total Nitrogen,2.27,mg/l,TRUE,
22880001,Green Valley Lake,,2006,0.5836,213,2006.5836,Total Nitrogen,1.27,mg/l,TRUE,
22880001,Green Valley Lake,,2007,0.4082,149,2007.4082,Total Nitrogen,5.13,mg/l,TRUE,
22880001,Green Valley Lake,,2007,0.4849,177,2007.4849,Total Nitrogen,3.51,mg/l,TRUE,
22880001,Green Valley Lake,,2007,0.5808,212,2007.5808,Total Nitrogen,0.28,mg/l,TRUE,
22880001,Green Valley Lake,,2008,0.3479,127,2008.3479,Total Nitrogen,3.1,mg/l,TRUE,
22880001,Green Valley Lake,,2008,0.5205,190,2008.5205,Total Nitrogen,3.6,mg/l,TRUE,
22880001,Green Valley Lake,,2011,0.4493,164,2011.4493,Total Nitrogen,5.1,mg/l,TRUE,
22880001,Green Valley Lake,,2011,0.5836,213,2011.5836,Total Nitrogen,0.9,mg/l,TRUE,
22880001,Green Valley Lake,,2011,0.6986,255,2011.6986,Total Nitrogen,1.25,mg/l,TRUE,
22880001,Green Valley Lake,,2012,0.4466,163,2012.4466,Total Nitrogen,2.13,mg/l,TRUE,
22880001,Green Valley Lake,,2012,0.5808,212,2012.5808,Total Nitrogen,1.4,mg/l,TRUE,
22880001,Green Valley Lake,,2012,0.7014,256,2012.7014,Total Nitrogen,2.09,mg/l,TRUE,
22880001,Green Valley Lake,,2013,0.4411,161,2013.4411,Total Nitrogen,3.08,mg/l,TRUE,
22880001,Green Valley Lake,,2013,0.5753,210,2013.5753,Total Nitrogen,1.87,mg/l,TRUE,
22880001,Green Valley Lake,,2013,0.6904,252,2013.6904,Total Nitrogen,1.35,mg/l,TRUE,
22880001,Green Valley Lake,,2014,0.2932,107,2014.2932,Total Nitrogen,1.5,mg/l,TRUE,
22880001,Green Valley Lake,,2014,0.326,119,2014.326,Total Nitrogen,1.4,mg/l,TRUE,
22880001,Green Valley Lake,,2014,0.3671,134,2014.3671,Total Nitrogen,1.5,mg/l,TRUE,
22880001,Green Valley Lake,,2014,0.4027,147,2014.4027,Total Nitrogen,1,mg/l,TRUE,
22880001,Green Valley Lake,,2014,0.4411,161,2014.4411,Total Nitrogen,1.52,mg/l,TRUE,
22880001,Green Valley Lake,,2014,0.4575,167,2014.4575,Total Nitrogen,1.7952,mg/l,TRUE,
22880001,Green Valley Lake,,2014,0.4767,174,2014.4767,Total Nitrogen,2.4,mg/l,TRUE,
22880001,Green Valley Lake,,2014,0.5151,188,2014.5151,Total Nitrogen,2.04,mg/l,TRUE,
22880001,Green Valley Lake,,2014,0.5589,204,2014.5589,Total Nitrogen,2.5,mg/l,TRUE,
22880001,Green Valley Lake,,2014,0.5918,216,2014.5918,Total Nitrogen,2.6757,mg/l,TRUE,
22880001,Green Valley Lake,,2014,0.6,219,2014.6,Total Nitrogen,1.2,mg/l,TRUE,
22880001,Green Valley Lake,,2014,0.6329,231,2014.6329,Total Nitrogen,2.8,mg/l,TRUE,
22880001,Green Valley Lake,,2014,0.674,246,2014.674,Total Nitrogen,1.92,mg/l,TRUE,
22880001,Green Valley Lake,,2014,0.7041,257,2014.7041,Total Nitrogen,2.4613,mg/l,TRUE,
22880001,Green Valley Lake,,2014,0.7096,259,2014.7096,Total Nitrogen,1.9,mg/l,TRUE,
22880001,Green Valley Lake,,2014,0.7479,273,2014.7479,Total Nitrogen,1.69,mg/l,TRUE,
22880001,Green Valley Lake,,2015,0.2822,103,2015.2822,Total Nitrogen,1.67,mg/l,TRUE,
22880001,Green Valley Lake,,2015,0.3205,117,2015.3205,Total Nitrogen,1.3,mg/l,TRUE,
22880001,Green Valley Lake,,2015,0.3589,131,2015.3589,Total Nitrogen,3.2,mg/l,TRUE,
22880001,Green Valley Lake,,2015,0.4027,147,2015.4027,Total Nitrogen,2.4,mg/l,TRUE,
22880001,Green Valley Lake,,2015,0.4411,161,2015.4411,Total Nitrogen,3.5,mg/l,TRUE,
22880001,Green Valley Lake,,2015,0.4548,166,2015.4548,Total Nitrogen,3.45,mg/l,TRUE,
22880001,Green Valley Lake,,2015,0.4822,176,2015.4822,Total Nitrogen,3.9,mg/l,TRUE,
22880001,Green Valley Lake,,2015,0.5151,188,2015.5151,Total Nitrogen,3.4,mg/l,TRUE,
22880001,Green Valley Lake,,2015,0.5589,204,2015.5589,Total Nitrogen,2.37,mg/l,TRUE,
22880001,Green Valley Lake,,2015,0.589,215,2015.589,Total Nitrogen,2.79,mg/l,TRUE,
22880001,Green Valley Lake,,2015,0.5973,218,2015.5973,Total Nitrogen,2.06,mg/l,TRUE,
22880001,Green Valley Lake,,2015,0.6137,224,2015.6137,Total Nitrogen,6,mg/l,TRUE,
22880001,Green Valley Lake,,2015,0.6466,236,2015.6466,Total Nitrogen,2.7,mg/l,TRUE,
22880001,Green Valley Lake,,2015,0.6932,253,2015.6932,Total Nitrogen,1.3,mg/l,TRUE,
22880001,Green Valley Lake,,2015,0.7014,256,2015.7014,Total Nitrogen,1.38,mg/l,TRUE,
22880001,Green Valley Lake,,2015,0.7096,259,2015.7096,Total Nitrogen,1.2,mg/l,TRUE,
22880001,Green Valley Lake,,2015,0.7233,264,2015.7233,Total Nitrogen,1.72,mg/l,TRUE,
22880001,Green Valley Lake,,2015,0.7699,281,2015.7699,Total Nitrogen,1.8,mg/l,TRUE,
22880001,Green Valley Lake,,2016,0.4521,165,2016.4521,Total Nitrogen,1,mg/l,TRUE,
22880001,Green Valley Lake,,2016,0.5863,214,2016.5863,Total Nitrogen,1.29,mg/l,TRUE,
22880001,Green Valley Lake,,2016,0.7041,257,2016.7041,Total Nitrogen,1.24,mg/l,TRUE,
22880001,Green Valley Lake,,2017,0.4301,157,2017.4301,Total Nitrogen,1.84,mg/l,TRUE,
22880001,Green Valley Lake,,2017,0.5644,206,2017.5644,Total Nitrogen,1.48,mg/l,TRUE,
22880001,Green Valley Lake,,2017,0.6603,241,2017.6603,Total Nitrogen,2.59,mg/l,TRUE,
22880001,Green Valley Lake,,2018,0.4274,156,2018.4274,Total Nitrogen,1.99,mg/l,TRUE,
22880001,Green Valley Lake,,2018,0.5644,206,2018.5644,Total Nitrogen,1.93,mg/l,TRUE,
22880001,Green Valley Lake,,2018,0.6603,241,2018.6603,Total Nitrogen,1.26,mg/l,TRUE,
22880001,Green Valley Lake,,2019,0.4438,162,2019.4438,Total Nitrogen,3.06395,mg/l,TRUE,
22880001,Green Valley Lake,,2019,0.5808,212,2019.5808,Total Nitrogen,1.52505,mg/l,TRUE,
22880001,Green Valley Lake,,2019,0.6877,251,2019.6877,Total Nitrogen,0.96025,mg/l,TRUE,
22880001,Green Valley Lake,5/22/2001 0:00,2001,0.389,142,2001.389,Total Phosphorus,0.135,mg/l,TRUE,0.002
22880001,Green Valley Lake,6/19/2001 0:00,2001,0.4658,170,2001.4658,Total Phosphorus,0.055,mg/l,TRUE,0.002
22880001,Green Valley Lake,7/23/2001 0:00,2001,0.5589,204,2001.5589,Total Phosphorus,0.068,mg/l,TRUE,0.002
22880001,Green Valley Lake,5/28/2002 13:15,2002,0.4055,148,2002.4055,Total Phosphorus,0.036,mg/l,TRUE,0.002
22880001,Green Valley Lake,6/24/2002 12:25,2002,0.4795,175,2002.4795,Total Phosphorus,0.064,mg/l,TRUE,0.002
22880001,Green Valley Lake,7/29/2002 0:00,2002,0.5753,210,2002.5753,Total Phosphorus,0.311,mg/l,TRUE,0.002
22880001,Green Valley Lake,5/27/2003 0:00,2003,0.4027,147,2003.4027,Total Phosphorus,0.05,mg/l,TRUE,0.002
22880001,Green Valley Lake,6/23/2003 0:00,2003,0.4767,174,2003.4767,Total Phosphorus,0.104,mg/l,TRUE,0.002
22880001,Green Valley Lake,7/29/2003 7:50,2003,0.5753,210,2003.5753,Total Phosphorus,0.19,mg/l,TRUE,0.002
22880001,Green Valley Lake,5/25/2004 14:00,2004,0.4,146,2004.4,Total Phosphorus,0.051,mg/l,TRUE,0.002
22880001,Green Valley Lake,6/21/2004 15:45,2004,0.474,173,2004.474,Total Phosphorus,0.091,mg/l,TRUE,0.002
22880001,Green Valley Lake,7/27/2004 8:30,2004,0.5726,209,2004.5726,Total Phosphorus,0.049,mg/l,TRUE,0.002
22880001,Green Valley Lake,5/31/2005 15:15,2005,0.4137,151,2005.4137,Total Phosphorus,0.034,mg/l,TRUE,0.002
22880001,Green Valley Lake,6/15/2005 11:10,2005,0.4548,166,2005.4548,Total Phosphorus,0.06,mg/l,TRUE,0.02
22880001,Green Valley Lake,6/27/2005 15:00,2005,0.4877,178,2005.4877,Total Phosphorus,0.052,mg/l,TRUE,0.002
22880001,Green Valley Lake,7/14/2005 8:15,2005,0.5342,195,2005.5342,Total Phosphorus,0.09,mg/l,TRUE,0.02
22880001,Green Valley Lake,8/2/2005 13:30,2005,0.5863,214,2005.5863,Total Phosphorus,0.13,mg/l,TRUE,0.002
22880001,Green Valley Lake,9/14/2005 7:15,2005,0.7041,257,2005.7041,Total Phosphorus,0.24,mg/l,TRUE,0.02
22880001,Green Valley Lake,5/3/2006 13:55,2006,0.337,123,2006.337,Total Phosphorus,0.05,mg/l,TRUE,0.02
22880001,Green Valley Lake,5/30/2006 14:56,2006,0.411,150,2006.411,Total Phosphorus,0.043,mg/l,TRUE,0.002
22880001,Green Valley Lake,6/27/2006 10:16,2006,0.4877,178,2006.4877,Total Phosphorus,0.065,mg/l,TRUE,0.002
22880001,Green Valley Lake,8/1/2006 6:24,2006,0.5836,213,2006.5836,Total Phosphorus,0.097,mg/l,TRUE,0.002
22880001,Green Valley Lake,5/23/2007 8:30,2007,0.3918,143,2007.3918,Total Phosphorus,0.07,mg/l,TRUE,0.02
22880001,Green Valley Lake,5/29/2007 15:00,2007,0.4082,149,2007.4082,Total Phosphorus,0.043,mg/l,TRUE,0.002
22880001,Green Valley Lake,6/26/2007 9:15,2007,0.4849,177,2007.4849,Total Phosphorus,0.036,mg/l,TRUE,0.002
22880001,Green Valley Lake,7/30/2007 16:00,2007,0.5781,211,2007.5781,Total Phosphorus,0.07,mg/l,TRUE,0.02
22880001,Green Valley Lake,7/31/2007 16:20,2007,0.5808,212,2007.5808,Total Phosphorus,0.057,mg/l,TRUE,0.002
22880001,Green Valley Lake,9/12/2007 11:35,2007,0.6986,255,2007.6986,Total Phosphorus,0.1,mg/l,TRUE,0.02
22880001,Green Valley Lake,5/6/2008 16:15,2008,0.3479,127,2008.3479,Total Phosphorus,0.1,mg/l,TRUE,0.02
22880001,Green Valley Lake,7/8/2008 13:45,2008,0.5205,190,2008.5205,Total Phosphorus,0.09,mg/l,TRUE,0.02
22880001,Green Valley Lake,6/13/2011 14:54,2011,0.4493,164,2011.4493,Total Phosphorus,0.1615,mg/l,TRUE,0.0155
22880001,Green Valley Lake,8/1/2011 10:39,2011,0.5836,213,2011.5836,Total Phosphorus,0.5873,mg/l,TRUE,0.0155
22880001,Green Valley Lake,9/12/2011 10:35,2011,0.6986,255,2011.6986,Total Phosphorus,0.6148,mg/l,TRUE,0.0155
22880001,Green Valley Lake,6/11/2012 13:28,2012,0.4466,163,2012.4466,Total Phosphorus,0.1395,mg/l,TRUE,0.01
22880001,Green Valley Lake,7/30/2012 10:39,2012,0.5808,212,2012.5808,Total Phosphorus,0.4916,mg/l,TRUE,0.01
22880001,Green Valley Lake,9/12/2012 9:41,2012,0.7014,256,2012.7014,Total Phosphorus,0.55,mg/l,TRUE,0.01
22880001,Green Valley Lake,6/10/2013 14:35,2013,0.4411,161,2013.4411,Total Phosphorus,0.1017,mg/l,TRUE,0.0284
22880001,Green Valley Lake,7/29/2013 12:45,2013,0.5753,210,2013.5753,Total Phosphorus,0.1709,mg/l,TRUE,0.0284
22880001,Green Valley Lake,9/9/2013 13:08,2013,0.6904,252,2013.6904,Total Phosphorus,0.2484,mg/l,TRUE,0.0284
22880001,Green Valley Lake,4/17/2014 13:40,2014,0.2932,107,2014.2932,Total Phosphorus,0.12,mg/l,TRUE,0.02
22880001,Green Valley Lake,4/29/2014 12:20,2014,0.326,119,2014.326,Total Phosphorus,0.1,mg/l,TRUE,0.02
22880001,Green Valley Lake,5/14/2014 9:00,2014,0.3671,134,2014.3671,Total Phosphorus,0.13,mg/l,TRUE,0.02
22880001,Green Valley Lake,5/27/2014 13:25,2014,0.4027,147,2014.4027,Total Phosphorus,0.06,mg/l,TRUE,0.02
22880001,Green Valley Lake,6/10/2014 10:40,2014,0.4411,161,2014.4411,Total Phosphorus,0.1,mg/l,TRUE,0.02
22880001,Green Valley Lake,6/16/2014 12:27,2014,0.4575,167,2014.4575,Total Phosphorus,0.1023,mg/l,TRUE,0.01
22880001,Green Valley Lake,6/23/2014 11:10,2014,0.4767,174,2014.4767,Total Phosphorus,0.17,mg/l,TRUE,0.02
22880001,Green Valley Lake,7/7/2014 12:15,2014,0.5151,188,2014.5151,Total Phosphorus,0.18,mg/l,TRUE,0.02
22880001,Green Valley Lake,7/23/2014 13:15,2014,0.5589,204,2014.5589,Total Phosphorus,0.2,mg/l,TRUE,0.02
22880001,Green Valley Lake,8/4/2014 13:32,2014,0.5918,216,2014.5918,Total Phosphorus,0.19635,mg/l,TRUE,0.01
22880001,Green Valley Lake,8/7/2014 10:30,2014,0.6,219,2014.6,Total Phosphorus,0.28,mg/l,TRUE,0.02
22880001,Green Valley Lake,8/19/2014 11:30,2014,0.6329,231,2014.6329,Total Phosphorus,0.38,mg/l,TRUE,0.02
22880001,Green Valley Lake,9/3/2014 10:50,2014,0.674,246,2014.674,Total Phosphorus,0.28,mg/l,TRUE,0.02
22880001,Green Valley Lake,9/14/2014 13:13,2014,0.7041,257,2014.7041,Total Phosphorus,0.2031,mg/l,TRUE,0.01
22880001,Green Valley Lake,9/16/2014 9:30,2014,0.7096,259,2014.7096,Total Phosphorus,0.21,mg/l,TRUE,0.02
22880001,Green Valley Lake,9/30/2014 10:10,2014,0.7479,273,2014.7479,Total Phosphorus,0.08,mg/l,TRUE,0.02
22880001,Green Valley Lake,4/13/2015 11:00,2015,0.2822,103,2015.2822,Total Phosphorus,0.12,mg/l,TRUE,0.02
22880001,Green Valley Lake,4/27/2015 10:30,2015,0.3205,117,2015.3205,Total Phosphorus,0.15,mg/l,TRUE,0.02
22880001,Green Valley Lake,5/11/2015 10:50,2015,0.3589,131,2015.3589,Total Phosphorus,0.3,mg/l,TRUE,0.02
22880001,Green Valley Lake,5/27/2015 10:45,2015,0.4027,147,2015.4027,Total Phosphorus,0.11,mg/l,TRUE,0.02
22880001,Green Valley Lake,6/10/2015 10:10,2015,0.4411,161,2015.4411,Total Phosphorus,0.1,mg/l,TRUE,0.02
22880001,Green Valley Lake,6/15/2015 12:57,2015,0.4548,166,2015.4548,Total Phosphorus,0.0774,mg/l,TRUE,0.091
22880001,Green Valley Lake,6/25/2015 13:00,2015,0.4822,176,2015.4822,Total Phosphorus,0.08,mg/l,TRUE,0.02
22880001,Green Valley Lake,7/7/2015 9:45,2015,0.5151,188,2015.5151,Total Phosphorus,0.23,mg/l,TRUE,0.02
22880001,Green Valley Lake,7/23/2015 11:15,2015,0.5589,204,2015.5589,Total Phosphorus,0.21,mg/l,TRUE,0.02
22880001,Green Valley Lake,8/3/2015 12:00,2015,0.589,215,2015.589,Total Phosphorus,0.3362,mg/l,TRUE,0.091
22880001,Green Valley Lake,8/6/2015 11:50,2015,0.5973,218,2015.5973,Total Phosphorus,0.23,mg/l,TRUE,0.02
22880001,Green Valley Lake,8/12/2015 11:40,2015,0.6137,224,2015.6137,Total Phosphorus,0.69,mg/l,TRUE,0.1
22880001,Green Valley Lake,8/24/2015 11:25,2015,0.6466,236,2015.6466,Total Phosphorus,0.5,mg/l,TRUE,0.1
22880001,Green Valley Lake,9/10/2015 10:40,2015,0.6932,253,2015.6932,Total Phosphorus,0.4,mg/l,TRUE,0.02
22880001,Green Valley Lake,9/13/2015 12:30,2015,0.7014,256,2015.7014,Total Phosphorus,0.2957,mg/l,TRUE,0.091
22880001,Green Valley Lake,9/16/2015 12:45,2015,0.7096,259,2015.7096,Total Phosphorus,0.42,mg/l,TRUE,0.02
22880001,Green Valley Lake,9/21/2015 12:15,2015,0.7233,264,2015.7233,Total Phosphorus,0.31,mg/l,TRUE,0.02
22880001,Green Valley Lake,10/8/2015 11:20,2015,0.7699,281,2015.7699,Total Phosphorus,0.23,mg/l,TRUE,0.02
22880001,Green Valley Lake,6/13/2016 12:20,2016,0.4521,165,2016.4521,Total Phosphorus,0.0656,mg/l,TRUE,0.0108
22880001,Green Valley Lake,8/1/2016 16:40,2016,0.5863,214,2016.5863,Total Phosphorus,0.2855,mg/l,TRUE,0.0108
22880001,Green Valley Lake,9/13/2016 16:08,2016,0.7041,257,2016.7041,Total Phosphorus,0.3429,mg/l,TRUE,0.0108
22880001,Green Valley Lake,6/6/2017 13:21,2017,0.4301,157,2017.4301,Total Phosphorus,0.0643,mg/l,TRUE,0.0146
22880001,Green Valley Lake,7/25/2017 11:50,2017,0.5644,206,2017.5644,Total Phosphorus,0.2826,mg/l,TRUE,0.0146
22880001,Green Valley Lake,8/29/2017 12:03,2017,0.6603,241,2017.6603,Total Phosphorus,0.2713,mg/l,TRUE,0.0146
22880001,Green Valley Lake,6/5/2018 9:46,2018,0.4274,156,2018.4274,Total Phosphorus,0.1166,mg/l,TRUE,0.016
22880001,Green Valley Lake,7/25/2018 11:40,2018,0.5644,206,2018.5644,Total Phosphorus,0.1912,mg/l,TRUE,0.016
22880001,Green Valley Lake,8/29/2018 9:10,2018,0.6603,241,2018.6603,Total Phosphorus,0.1278,mg/l,TRUE,0.016
22880001,Green Valley Lake,6/11/2019 11:05,2019,0.4438,162,2019.4438,Total Phosphorus,0.048,mg/l,TRUE,0.02
22880001,Green Valley Lake,7/31/2019 9:30,2019,0.5808,212,2019.5808,Total Phosphorus,0.34,mg/l,TRUE,0.02
22880001,Green Valley Lake,9/8/2019 13:00,2019,0.6877,251,2019.6877,Total Phosphorus,0.40275,mg/l,TRUE,0.02
22880001,Green Valley Lake,6/20/2000 8:30,2000,0.4712,172,2000.4712,Total suspended solids,25,mg/l,TRUE,1
22880001,Green Valley Lake,7/18/2000 0:00,2000,0.5479,200,2000.5479,Total suspended solids,9,mg/l,TRUE,1
22880001,Green Valley Lake,8/8/2000 11:00,2000,0.6055,221,2000.6055,Total suspended solids,23,mg/l,TRUE,1
22880001,Green Valley Lake,5/22/2001 0:00,2001,0.389,142,2001.389,Total suspended solids,12,mg/l,TRUE,1
22880001,Green Valley Lake,6/19/2001 0:00,2001,0.4658,170,2001.4658,Total suspended solids,7,mg/l,TRUE,1
22880001,Green Valley Lake,7/23/2001 0:00,2001,0.5589,204,2001.5589,Total suspended solids,8,mg/l,TRUE,1
22880001,Green Valley Lake,5/28/2002 13:15,2002,0.4055,148,2002.4055,Total suspended solids,5,mg/l,TRUE,1
22880001,Green Valley Lake,6/24/2002 12:25,2002,0.4795,175,2002.4795,Total suspended solids,7,mg/l,TRUE,1
22880001,Green Valley Lake,7/29/2002 0:00,2002,0.5753,210,2002.5753,Total suspended solids,26,mg/l,TRUE,1
22880001,Green Valley Lake,5/27/2003 0:00,2003,0.4027,147,2003.4027,Total suspended solids,7,mg/l,TRUE,1
22880001,Green Valley Lake,6/23/2003 0:00,2003,0.4767,174,2003.4767,Total suspended solids,9,mg/l,TRUE,1
22880001,Green Valley Lake,7/29/2003 7:50,2003,0.5753,210,2003.5753,Total suspended solids,16,mg/l,TRUE,1
22880001,Green Valley Lake,5/25/2004 14:00,2004,0.4,146,2004.4,Total suspended solids,5,mg/l,TRUE,1
22880001,Green Valley Lake,6/21/2004 15:45,2004,0.474,173,2004.474,Total suspended solids,19,mg/l,TRUE,1
22880001,Green Valley Lake,7/27/2004 8:30,2004,0.5726,209,2004.5726,Total suspended solids,8,mg/l,TRUE,1
22880001,Green Valley Lake,5/31/2005 15:15,2005,0.4137,151,2005.4137,Total suspended solids,7,mg/l,TRUE,1
22880001,Green Valley Lake,6/15/2005 11:10,2005,0.4548,166,2005.4548,Total suspended solids,13,mg/l,TRUE,1
22880001,Green Valley Lake,6/27/2005 15:00,2005,0.4877,178,2005.4877,Total suspended solids,13,mg/l,TRUE,1
22880001,Green Valley Lake,7/14/2005 8:15,2005,0.5342,195,2005.5342,Total suspended solids,13,mg/l,TRUE,1
22880001,Green Valley Lake,8/2/2005 13:30,2005,0.5863,214,2005.5863,Total suspended solids,13,mg/l,TRUE,1
22880001,Green Valley Lake,9/14/2005 7:15,2005,0.7041,257,2005.7041,Total suspended solids,14,mg/l,TRUE,1
22880001,Green Valley Lake,5/3/2006 13:55,2006,0.337,123,2006.337,Total suspended solids,4,mg/l,TRUE,1
22880001,Green Valley Lake,5/30/2006 14:56,2006,0.411,150,2006.411,Total suspended solids,9,mg/l,TRUE,1
22880001,Green Valley Lake,6/27/2006 10:16,2006,0.4877,178,2006.4877,Total suspended solids,18,mg/l,TRUE,1
22880001,Green Valley Lake,8/1/2006 6:24,2006,0.5836,213,2006.5836,Total suspended solids,13,mg/l,TRUE,1
22880001,Green Valley Lake,5/23/2007 8:30,2007,0.3918,143,2007.3918,Total suspended solids,10,mg/l,TRUE,1
22880001,Green Valley Lake,5/29/2007 15:00,2007,0.4082,149,2007.4082,Total suspended solids,8,mg/l,TRUE,1
22880001,Green Valley Lake,6/26/2007 9:15,2007,0.4849,177,2007.4849,Total suspended solids,10,mg/l,TRUE,1
22880001,Green Valley Lake,7/30/2007 16:00,2007,0.5781,211,2007.5781,Total suspended solids,10,mg/l,TRUE,1
22880001,Green Valley Lake,7/31/2007 16:20,2007,0.5808,212,2007.5808,Total suspended solids,13,mg/l,TRUE,1
22880001,Green Valley Lake,9/12/2007 11:35,2007,0.6986,255,2007.6986,Total suspended solids,17,mg/l,TRUE,1
22880001,Green Valley Lake,5/6/2008 16:15,2008,0.3479,127,2008.3479,Total suspended solids,5,mg/l,TRUE,1
22880001,Green Valley Lake,7/8/2008 13:45,2008,0.5205,190,2008.5205,Total suspended solids,8,mg/l,TRUE,1
22880001,Green Valley Lake,6/13/2011 14:54,2011,0.4493,164,2011.4493,Total suspended solids,13.2,mg/l,TRUE,6
22880001,Green Valley Lake,8/1/2011 10:39,2011,0.5836,213,2011.5836,Total suspended solids,24.6,mg/l,TRUE,6
22880001,Green Valley Lake,9/12/2011 10:35,2011,0.6986,255,2011.6986,Total suspended solids,30,mg/l,TRUE,6
22880001,Green Valley Lake,6/11/2012 13:28,2012,0.4466,163,2012.4466,Total suspended solids,25.3,mg/l,TRUE,2.4
22880001,Green Valley Lake,7/30/2012 10:39,2012,0.5808,212,2012.5808,Total suspended solids,17.6,mg/l,TRUE,2.4
22880001,Green Valley Lake,9/12/2012 9:41,2012,0.7014,256,2012.7014,Total suspended solids,22.5,mg/l,TRUE,2.4
22880001,Green Valley Lake,6/10/2013 14:35,2013,0.4411,161,2013.4411,Total suspended solids,5.4,mg/l,TRUE,2.8
22880001,Green Valley Lake,7/29/2013 12:45,2013,0.5753,210,2013.5753,Total suspended solids,27,mg/l,TRUE,2.8
22880001,Green Valley Lake,9/9/2013 13:08,2013,0.6904,252,2013.6904,Total suspended solids,15,mg/l,TRUE,2.8
22880001,Green Valley Lake,4/17/2014 13:40,2014,0.2932,107,2014.2932,Total suspended solids,11,mg/l,TRUE,1
22880001,Green Valley Lake,4/29/2014 12:20,2014,0.326,119,2014.326,Total suspended solids,12,mg/l,TRUE,1
22880001,Green Valley Lake,5/14/2014 9:00,2014,0.3671,134,2014.3671,Total suspended solids,15,mg/l,TRUE,1
22880001,Green Valley Lake,5/27/2014 13:25,2014,0.4027,147,2014.4027,Total suspended solids,8,mg/l,TRUE,1
22880001,Green Valley Lake,6/10/2014 10:40,2014,0.4411,161,2014.4411,Total suspended solids,13,mg/l,TRUE,1
22880001,Green Valley Lake,6/16/2014 12:27,2014,0.4575,167,2014.4575,Total suspended solids,7.6,mg/l,TRUE,2.1
22880001,Green Valley Lake,6/23/2014 11:10,2014,0.4767,174,2014.4767,Total suspended solids,17,mg/l,TRUE,1
22880001,Green Valley Lake,7/7/2014 12:15,2014,0.5151,188,2014.5151,Total suspended solids,15,mg/l,TRUE,1
22880001,Green Valley Lake,7/23/2014 13:15,2014,0.5589,204,2014.5589,Total suspended solids,14,mg/l,TRUE,1
22880001,Green Valley Lake,8/4/2014 13:32,2014,0.5918,216,2014.5918,Total suspended solids,12.66,mg/l,TRUE,2.1
22880001,Green Valley Lake,8/7/2014 10:30,2014,0.6,219,2014.6,Total suspended solids,15,mg/l,TRUE,1
22880001,Green Valley Lake,8/19/2014 11:30,2014,0.6329,231,2014.6329,Total suspended solids,40,mg/l,TRUE,1
22880001,Green Valley Lake,9/3/2014 10:50,2014,0.674,246,2014.674,Total suspended solids,9,mg/l,TRUE,1
22880001,Green Valley Lake,9/14/2014 13:13,2014,0.7041,257,2014.7041,Total suspended solids,13,mg/l,TRUE,2.1
22880001,Green Valley Lake,9/16/2014 9:30,2014,0.7096,259,2014.7096,Total suspended solids,8,mg/l,TRUE,1
22880001,Green Valley Lake,9/30/2014 10:10,2014,0.7479,273,2014.7479,Total suspended solids,9,mg/l,TRUE,1
22880001,Green Valley Lake,4/13/2015 11:00,2015,0.2822,103,2015.2822,Total suspended solids,9,mg/l,TRUE,1
22880001,Green Valley Lake,4/27/2015 10:30,2015,0.3205,117,2015.3205,Total suspended solids,10,mg/l,TRUE,1
22880001,Green Valley Lake,5/11/2015 10:50,2015,0.3589,131,2015.3589,Total suspended solids,11,mg/l,TRUE,1
22880001,Green Valley Lake,5/11/2015 11:00,2015,0.3589,131,2015.3589,Total suspended solids,12,mg/l,TRUE,1
22880001,Green Valley Lake,5/27/2015 10:45,2015,0.4027,147,2015.4027,Total suspended solids,8,mg/l,TRUE,1
22880001,Green Valley Lake,6/10/2015 10:10,2015,0.4411,161,2015.4411,Total suspended solids,11,mg/l,TRUE,1
22880001,Green Valley Lake,6/15/2015 12:57,2015,0.4548,166,2015.4548,Total suspended solids,8.7,mg/l,TRUE,1.4
22880001,Green Valley Lake,6/25/2015 13:00,2015,0.4822,176,2015.4822,Total suspended solids,14,mg/l,TRUE,1
22880001,Green Valley Lake,7/7/2015 9:45,2015,0.5151,188,2015.5151,Total suspended solids,26,mg/l,TRUE,1
22880001,Green Valley Lake,7/23/2015 11:15,2015,0.5589,204,2015.5589,Total suspended solids,28,mg/l,TRUE,1
22880001,Green Valley Lake,8/3/2015 12:00,2015,0.589,215,2015.589,Total suspended solids,46.5,mg/l,TRUE,1.4
22880001,Green Valley Lake,8/6/2015 11:50,2015,0.5973,218,2015.5973,Total suspended solids,28,mg/l,TRUE,1
22880001,Green Valley Lake,8/12/2015 11:40,2015,0.6137,224,2015.6137,Total suspended solids,110,mg/l,TRUE,1
22880001,Green Valley Lake,8/24/2015 11:25,2015,0.6466,236,2015.6466,Total suspended solids,56,mg/l,TRUE,1
22880001,Green Valley Lake,9/10/2015 10:40,2015,0.6932,253,2015.6932,Total suspended solids,18,mg/l,TRUE,1
22880001,Green Valley Lake,9/13/2015 12:30,2015,0.7014,256,2015.7014,Total suspended solids,20.3,mg/l,TRUE,1.4
22880001,Green Valley Lake,9/16/2015 12:45,2015,0.7096,259,2015.7096,Total suspended solids,21,mg/l,TRUE,1
22880001,Green Valley Lake,9/21/2015 12:15,2015,0.7233,264,2015.7233,Total suspended solids,19,mg/l,TRUE,1
22880001,Green Valley Lake,10/8/2015 11:20,2015,0.7699,281,2015.7699,Total suspended solids,9,mg/l,TRUE,1
22880001,Green Valley Lake,6/13/2016 12:20,2016,0.4521,165,2016.4521,Total suspended solids,13.4,mg/l,TRUE,0.8
22880001,Green Valley Lake,8/1/2016 16:40,2016,0.5863,214,2016.5863,Total suspended solids,19.1,mg/l,TRUE,0.8
22880001,Green Valley Lake,9/13/2016 16:08,2016,0.7041,257,2016.7041,Total suspended solids,28.4,mg/l,TRUE,0.8
22880001,Green Valley Lake,6/6/2017 13:21,2017,0.4301,157,2017.4301,Total suspended solids,13,mg/l,TRUE,0.8
22880001,Green Valley Lake,7/25/2017 11:50,2017,0.5644,206,2017.5644,Total suspended solids,13,mg/l,TRUE,0.8
22880001,Green Valley Lake,8/29/2017 12:03,2017,0.6603,241,2017.6603,Total suspended solids,21,mg/l,TRUE,0.8
22880001,Green Valley Lake,6/5/2018 9:46,2018,0.4274,156,2018.4274,Total suspended solids,12.5,mg/l,TRUE,1.2
22880001,Green Valley Lake,7/25/2018 11:40,2018,0.5644,206,2018.5644,Total suspended solids,27,mg/l,TRUE,1.2
22880001,Green Valley Lake,8/29/2018 9:10,2018,0.6603,241,2018.6603,Total suspended solids,18,mg/l,TRUE,1.2
22880001,Green Valley Lake,6/11/2019 11:05,2019,0.4438,162,2019.4438,Total suspended solids,18,mg/l,TRUE,1.2
22880001,Green Valley Lake,7/31/2019 9:30,2019,0.5808,212,2019.5808,Total suspended solids,45,mg/l,TRUE,1.2
22880001,Green Valley Lake,9/8/2019 13:00,2019,0.6877,251,2019.6877,Total suspended solids,13,mg/l,TRUE,1.2
22880001,Green Valley Lake,6/20/2000 8:30,2000,0.4712,172,2000.4712,Volatile Suspended Solids,6,mg/l,TRUE,1
22880001,Green Valley Lake,7/18/2000 0:00,2000,0.5479,200,2000.5479,Volatile Suspended Solids,3,mg/l,TRUE,1
22880001,Green Valley Lake,8/8/2000 11:00,2000,0.6055,221,2000.6055,Volatile Suspended Solids,4,mg/l,TRUE,1
22880001,Green Valley Lake,5/22/2001 0:00,2001,0.389,142,2001.389,Volatile Suspended Solids,3,mg/l,TRUE,1
22880001,Green Valley Lake,6/19/2001 0:00,2001,0.4658,170,2001.4658,Volatile Suspended Solids,3,mg/l,TRUE,1
22880001,Green Valley Lake,7/23/2001 0:00,2001,0.5589,204,2001.5589,Volatile Suspended Solids,5,mg/l,TRUE,1
22880001,Green Valley Lake,5/28/2002 13:15,2002,0.4055,148,2002.4055,Volatile Suspended Solids,3,mg/l,TRUE,1
22880001,Green Valley Lake,6/24/2002 12:25,2002,0.4795,175,2002.4795,Volatile Suspended Solids,5,mg/l,TRUE,1
22880001,Green Valley Lake,5/27/2003 0:00,2003,0.4027,147,2003.4027,Volatile Suspended Solids,4,mg/l,TRUE,1
22880001,Green Valley Lake,6/23/2003 0:00,2003,0.4767,174,2003.4767,Volatile Suspended Solids,4,mg/l,TRUE,1
22880001,Green Valley Lake,7/29/2003 7:50,2003,0.5753,210,2003.5753,Volatile Suspended Solids,7,mg/l,TRUE,1
22880001,Green Valley Lake,5/25/2004 14:00,2004,0.4,146,2004.4,Volatile Suspended Solids,1,mg/l,FALSE,1
22880001,Green Valley Lake,6/21/2004 15:45,2004,0.474,173,2004.474,Volatile Suspended Solids,10,mg/l,TRUE,1
22880001,Green Valley Lake,7/27/2004 8:30,2004,0.5726,209,2004.5726,Volatile Suspended Solids,5,mg/l,TRUE,1
22880001,Green Valley Lake,5/31/2005 15:15,2005,0.4137,151,2005.4137,Volatile Suspended Solids,3,mg/l,TRUE,1
22880001,Green Valley Lake,6/15/2005 11:10,2005,0.4548,166,2005.4548,Volatile Suspended Solids,6,mg/l,TRUE,1
22880001,Green Valley Lake,6/27/2005 15:00,2005,0.4877,178,2005.4877,Volatile Suspended Solids,6,mg/l,TRUE,1
22880001,Green Valley Lake,7/14/2005 8:15,2005,0.5342,195,2005.5342,Volatile Suspended Solids,9,mg/l,TRUE,1
22880001,Green Valley Lake,8/2/2005 13:30,2005,0.5863,214,2005.5863,Volatile Suspended Solids,5,mg/l,TRUE,1
22880001,Green Valley Lake,9/14/2005 7:15,2005,0.7041,257,2005.7041,Volatile Suspended Solids,5,mg/l,TRUE,1
22880001,Green Valley Lake,5/3/2006 13:55,2006,0.337,123,2006.337,Volatile Suspended Solids,2,mg/l,TRUE,1
22880001,Green Valley Lake,5/30/2006 14:56,2006,0.411,150,2006.411,Volatile Suspended Solids,5,mg/l,TRUE,1
22880001,Green Valley Lake,6/27/2006 10:16,2006,0.4877,178,2006.4877,Volatile Suspended Solids,12,mg/l,TRUE,1
22880001,Green Valley Lake,8/1/2006 6:24,2006,0.5836,213,2006.5836,Volatile Suspended Solids,6,mg/l,TRUE,1
22880001,Green Valley Lake,5/23/2007 8:30,2007,0.3918,143,2007.3918,Volatile Suspended Solids,5,mg/l,TRUE,1
22880001,Green Valley Lake,5/29/2007 15:00,2007,0.4082,149,2007.4082,Volatile Suspended Solids,0,,TRUE,1
22880001,Green Valley Lake,6/26/2007 9:15,2007,0.4849,177,2007.4849,Volatile Suspended Solids,0,,TRUE,1
22880001,Green Valley Lake,7/30/2007 16:00,2007,0.5781,211,2007.5781,Volatile Suspended Solids,5,mg/l,TRUE,1
22880001,Green Valley Lake,7/31/2007 16:20,2007,0.5808,212,2007.5808,Volatile Suspended Solids,7,mg/l,TRUE,1
22880001,Green Valley Lake,9/12/2007 11:35,2007,0.6986,255,2007.6986,Volatile Suspended Solids,11,mg/l,TRUE,1
22880001,Green Valley Lake,5/6/2008 16:15,2008,0.3479,127,2008.3479,Volatile Suspended Solids,2,mg/l,TRUE,1
22880001,Green Valley Lake,7/8/2008 13:45,2008,0.5205,190,2008.5205,Volatile Suspended Solids,4,mg/l,TRUE,1
22880001,Green Valley Lake,6/13/2011 14:54,2011,0.4493,164,2011.4493,Volatile Suspended Solids,8,mg/l,FALSE,8
22880001,Green Valley Lake,8/1/2011 10:39,2011,0.5836,213,2011.5836,Volatile Suspended Solids,13.1,mg/l,TRUE,8
22880001,Green Valley Lake,9/12/2011 10:35,2011,0.6986,255,2011.6986,Volatile Suspended Solids,16,mg/l,TRUE,8
22880001,Green Valley Lake,6/11/2012 13:28,2012,0.4466,163,2012.4466,Volatile Suspended Solids,22,mg/l,TRUE,3.2
22880001,Green Valley Lake,7/30/2012 10:39,2012,0.5808,212,2012.5808,Volatile Suspended Solids,4.8,mg/l,TRUE,3.2
22880001,Green Valley Lake,9/12/2012 9:41,2012,0.7014,256,2012.7014,Volatile Suspended Solids,13,mg/l,TRUE,3.2
22880001,Green Valley Lake,6/10/2013 14:35,2013,0.4411,161,2013.4411,Volatile Suspended Solids,4.4,mg/l,TRUE,2.4
22880001,Green Valley Lake,7/29/2013 12:45,2013,0.5753,210,2013.5753,Volatile Suspended Solids,18,mg/l,TRUE,2.4
22880001,Green Valley Lake,9/9/2013 13:08,2013,0.6904,252,2013.6904,Volatile Suspended Solids,9,mg/l,TRUE,2.4
22880001,Green Valley Lake,6/16/2014 12:27,2014,0.4575,167,2014.4575,Volatile Suspended Solids,5.19,mg/l,TRUE,2.4
22880001,Green Valley Lake,8/4/2014 13:32,2014,0.5918,216,2014.5918,Volatile Suspended Solids,10.66,mg/l,TRUE,2.4
22880001,Green Valley Lake,9/14/2014 13:13,2014,0.7041,257,2014.7041,Volatile Suspended Solids,6,mg/l,TRUE,2.4
22880001,Green Valley Lake,4/13/2015 11:00,2015,0.2822,103,2015.2822,Volatile Suspended Solids,5,mg/l,TRUE,1
22880001,Green Valley Lake,4/27/2015 10:30,2015,0.3205,117,2015.3205,Volatile Suspended Solids,5,mg/l,TRUE,1
22880001,Green Valley Lake,5/11/2015 10:50,2015,0.3589,131,2015.3589,Volatile Suspended Solids,5,mg/l,TRUE,1
22880001,Green Valley Lake,5/11/2015 11:00,2015,0.3589,131,2015.3589,Volatile Suspended Solids,5,mg/l,TRUE,1
22880001,Green Valley Lake,5/27/2015 10:45,2015,0.4027,147,2015.4027,Volatile Suspended Solids,5,mg/l,TRUE,1
22880001,Green Valley Lake,6/10/2015 10:10,2015,0.4411,161,2015.4411,Volatile Suspended Solids,8,mg/l,TRUE,1
22880001,Green Valley Lake,6/15/2015 12:57,2015,0.4548,166,2015.4548,Volatile Suspended Solids,5.4,mg/l,TRUE,0.01
22880001,Green Valley Lake,6/25/2015 13:00,2015,0.4822,176,2015.4822,Volatile Suspended Solids,11,mg/l,TRUE,1
22880001,Green Valley Lake,7/7/2015 9:45,2015,0.5151,188,2015.5151,Volatile Suspended Solids,20,mg/l,TRUE,1
22880001,Green Valley Lake,7/23/2015 11:15,2015,0.5589,204,2015.5589,Volatile Suspended Solids,20,mg/l,TRUE,1
22880001,Green Valley Lake,8/3/2015 12:00,2015,0.589,215,2015.589,Volatile Suspended Solids,33,mg/l,TRUE,0.01
22880001,Green Valley Lake,8/6/2015 11:50,2015,0.5973,218,2015.5973,Volatile Suspended Solids,18,mg/l,TRUE,1
22880001,Green Valley Lake,8/12/2015 11:40,2015,0.6137,224,2015.6137,Volatile Suspended Solids,96,mg/l,TRUE,1
22880001,Green Valley Lake,8/24/2015 11:25,2015,0.6466,236,2015.6466,Volatile Suspended Solids,38,mg/l,TRUE,1
22880001,Green Valley Lake,9/10/2015 10:40,2015,0.6932,253,2015.6932,Volatile Suspended Solids,16,mg/l,TRUE,1
22880001,Green Valley Lake,9/13/2015 12:30,2015,0.7014,256,2015.7014,Volatile Suspended Solids,10.3,mg/l,TRUE,0.01
22880001,Green Valley Lake,9/16/2015 12:45,2015,0.7096,259,2015.7096,Volatile Suspended Solids,14,mg/l,TRUE,1
22880001,Green Valley Lake,9/21/2015 12:15,2015,0.7233,264,2015.7233,Volatile Suspended Solids,12,mg/l,TRUE,1
22880001,Green Valley Lake,10/8/2015 11:20,2015,0.7699,281,2015.7699,Volatile Suspended Solids,6,mg/l,TRUE,1
22880001,Green Valley Lake,,2016,0.4521,165,2016.4521,Volatile Suspended Solids,8,mg/l,TRUE,1
22880001,Green Valley Lake,,2016,0.5863,214,2016.5863,Volatile Suspended Solids,13.9,mg/l,TRUE,1
22880001,Green Valley Lake,,2016,0.7041,257,2016.7041,Volatile Suspended Solids,18.8,mg/l,TRUE,1
22880001,Green Valley Lake,,2017,0.4301,157,2017.4301,Volatile Suspended Solids,11,mg/l,TRUE,1
22880001,Green Valley Lake,,2017,0.5644,206,2017.5644,Volatile Suspended Solids,4,mg/l,TRUE,1
22880001,Green Valley Lake,,2017,0.6603,241,2017.6603,Volatile Suspended Solids,15,mg/l,TRUE,1
22880001,Green Valley Lake,,2018,0.4274,156,2018.4274,Volatile Suspended Solids,9.5,mg/l,TRUE,1
22880001,Green Valley Lake,,2018,0.5644,206,2018.5644,Volatile Suspended Solids,14,mg/l,TRUE,1
22880001,Green Valley Lake,,2018,0.6603,241,2018.6603,Volatile Suspended Solids,14,mg/l,TRUE,1
22880001,Green Valley Lake,,2019,0.4438,162,2019.4438,Volatile Suspended Solids,5,mg/l,TRUE,1
22880001,Green Valley Lake,,2019,0.5808,212,2019.5808,Volatile Suspended Solids,38,mg/l,TRUE,1
22880001,Green Valley Lake,,2019,0.6877,251,2019.6877,Volatile Suspended Solids,11.8,mg/l,TRUE,1
