sampleid,doy,genus,division,morphology,measure,gald
G19041143451,143,Aphanizomenon,Cyanophyte,Cell,Height,1.923
G19041143451,143,Aphanizomenon,Cyanophyte,Cell,Height,1.5
G19041143451,143,Aphanizomenon,Cyanophyte,Cell,Height,76
G19041143451,143,Aphanizomenon,Cyanophyte,Cell,Height,1.923
G19041143451,143,Aphanizomenon,Cyanophyte,Cell,Height,1.5
G19041143451,143,Aphanizomenon,Cyanophyte,Cell,Height,15
G19041143451,143,Aphanizomenon,Cyanophyte,Cell,Height,1.923
G19041143451,143,Aphanizomenon,Cyanophyte,Cell,Height,1.5
G19041143451,143,Aphanizomenon,Cyanophyte,Cell,Height,1.923
G19041143451,143,Aphanizomenon,Cyanophyte,Cell,Height,1.5
G19041143451,143,Aphanizomenon,Cyanophyte,Cell,Height,1.923
G19041143451,143,Aphanizomenon,Cyanophyte,Cell,Height,1.5
G19041143451,143,Aphanizomenon,Cyanophyte,Cell,Height,1.923
G19041143451,143,Aphanizomenon,Cyanophyte,Cell,Height,1.5
G19041143451,143,Aphanizomenon,Cyanophyte,Cell,Height,1.923
G19041143451,143,Aphanizomenon,Cyanophyte,Cell,Height,1.5
G19041143451,143,Aphanizomenon,Cyanophyte,Cell,Height,1.923
G19041143451,143,Aphanizomenon,Cyanophyte,Cell,Height,1.5
G19041143451,143,Aphanizomenon,Cyanophyte,Cell,Height,1.923
G19041143451,143,Aphanizomenon,Cyanophyte,Cell,Height,1.5
G19041143451,143,Aphanizomenon,Cyanophyte,Cell,Height,1.923
G19041143451,143,Aphanizomenon,Cyanophyte,Cell,Height,1.5
G19041143451,143,Aphanizomenon,Cyanophyte,Cell,Height,1.923
G19041143451,143,Aphanizomenon,Cyanophyte,Cell,Height,1.5
G19041143451,143,Aphanizomenon,Cyanophyte,Cell,Height,1.923
G19041143451,143,Aphanizomenon,Cyanophyte,Cell,Height,1.5
G19041143451,143,Aphanizomenon,Cyanophyte,Cell,Height,1.923
G19041143451,143,Aphanizomenon,Cyanophyte,Cell,Height,1.5
G19041143451,143,Aphanizomenon,Cyanophyte,Cell,Height,1.5
G19041143451,143,Aphanizomenon,Cyanophyte,Cell,Height,1.5
G19041143451,143,Aphanizomenon,Cyanophyte,Cell,Height,1.5
G19041143451,143,Aphanizomenon,Cyanophyte,Cell,Height,1.5
G19041143451,143,Aphanizomenon,Cyanophyte,Cell,Height,1.5
G19041143451,143,Aphanizomenon,Cyanophyte,Cell,Height,1.5
G19041143451,143,Aphanizomenon,Cyanophyte,Cell,Height,1.5
G19041143451,143,Aphanizomenon,Cyanophyte,Cell,Height,1.5
G19041143451,143,Aphanizomenon,Cyanophyte,Cell,Height,1.5
G19041143451,143,Aphanizomenon,Cyanophyte,Cell,Height,1.5
G19041143451,143,Aphanizomenon,Cyanophyte,Cell,Height,1.5
G19041143451,143,Aphanizomenon,Cyanophyte,Cell,Height,1.5
G19041143451,143,Aphanizomenon,Cyanophyte,Cell,Height,1.5
G19041143451,143,Aphanizomenon,Cyanophyte,Cell,Height,1.5
G19041143451,143,Aphanizomenon,Cyanophyte,Cell,Height,1.5
G19041143451,143,Aphanizomenon,Cyanophyte,Cell,Height,1.5
G19041143451,143,Aphanizomenon,Cyanophyte,Cell,Height,1.5
G19041143451,143,Aphanizomenon,Cyanophyte,Cell,Height,1.5
G19041143451,143,Aphanizomenon,Cyanophyte,Cell,Height,1.5
G19041143451,143,Aphanizomenon,Cyanophyte,Cell,Height,1.5
G19041143451,143,Aphanizomenon,Cyanophyte,Cell,Height,1.5
G19041143451,143,Aphanizomenon,Cyanophyte,Cell,Height,1.5
G19041143451,143,Aphanizomenon,Cyanophyte,Cell,Height,1.5
G19041143451,143,Aphanizomenon,Cyanophyte,Cell,Height,1.5
G19041143451,143,Aphanizomenon,Cyanophyte,Cell,Height,1.5
G19041143451,143,Aphanizomenon,Cyanophyte,Cell,Height,1.5
G19041143451,143,Aphanizomenon,Cyanophyte,Cell,Height,1.5
G19041143451,143,Asterionella,Bacillariophyte,Cell,Height,15
G19041143451,143,Asterionella,Bacillariophyte,Cell,Height,15
G19041143451,143,Asterionella,Bacillariophyte,Cell,Height,15
G19041143451,143,Asterionella,Bacillariophyte,Cell,Height,15
G19041143451,143,Asterionella,Bacillariophyte,Cell,Height,15
G19041143451,143,Asterionella,Bacillariophyte,Cell,Height,15
G19041143451,143,Asterionella,Bacillariophyte,Cell,Height,15
G19041143451,143,Asterionella,Bacillariophyte,Cell,Height,15
G19041143451,143,Asterionella,Bacillariophyte,Cell,Height,15
G19041143451,143,Asterionella,Bacillariophyte,Cell,Height,15
G19041143451,143,Asterionella,Bacillariophyte,Cell,Height,15
G19041143451,143,Asterionella,Bacillariophyte,Cell,Height,15
G19041143451,143,Coelastrum,Chlorophyte,Colony,Diameter,6
G19041143451,143,Coelastrum,Chlorophyte,Colony,Diameter,12
G19041143451,143,Coelastrum,Chlorophyte,Colony,Diameter,11
G19041143451,143,Coelastrum,Chlorophyte,Colony,Diameter,8
G19041143451,143,Cosmarium,Chlorophyte,Cell,Height,17
G19041143451,143,Cryptomonas,Cryptophyte,Cell,Height,2.75
G19041143451,143,Cryptomonas,Cryptophyte,Cell,Height,9
G19041143451,143,Cryptomonas,Cryptophyte,Cell,Height,5
G19041143451,143,Cryptomonas,Cryptophyte,Cell,Height,6
G19041143451,143,Cryptomonas,Cryptophyte,Cell,Height,6
G19041143451,143,Cryptomonas,Cryptophyte,Cell,Height,4
G19041143451,143,Cryptomonas,Cryptophyte,Cell,Height,6
G19041143451,143,Cryptomonas,Cryptophyte,Cell,Height,2
G19041143451,143,Cryptomonas,Cryptophyte,Cell,Height,16
G19041143451,143,Cryptomonas,Cryptophyte,Cell,Height,3
G19041143451,143,Cryptomonas,Cryptophyte,Cell,Height,3
G19041143451,143,Cryptomonas,Cryptophyte,Cell,Height,12
G19041143451,143,Cryptomonas,Cryptophyte,Cell,Height,4
G19041143451,143,Cryptomonas,Cryptophyte,Cell,Height,3.5
G19041143451,143,Cryptomonas,Cryptophyte,Cell,Height,3.5
G19041143451,143,Cryptomonas,Cryptophyte,Cell,Height,4
G19041143451,143,Cryptomonas,Cryptophyte,Cell,Height,3
G19041143451,143,Cryptomonas,Cryptophyte,Cell,Height,8
G19041143451,143,Cryptomonas,Cyanophyte,Cell,Height,4
G19041143451,143,Cryptomonas,Cryptophyte,Cell,Height,5
G19041143451,143,Cryptomonas,Cryptophyte,Cell,Height,7
G19041143451,143,Cryptomonas,Cryptophyte,Cell,Height,3
G19041143451,143,Cryptomonas,Cryptophyte,Cell,Height,6
G19041143451,143,Cryptomonas,Cryptophyte,Cell,Height,3.75
G19041143451,143,Cryptomonas,Cryptophyte,Cell,Height,2.5
G19041143451,143,Cryptomonas,Cryptophyte,Cell,Height,3
G19041143451,143,Cryptomonas,Cryptophyte,Cell,Height,3
G19041143451,143,Cryptomonas,Cryptophyte,Cell,Height,3
G19041143451,143,Cryptomonas,Cyanophyte,Cell,Height,3
G19041143451,143,Cryptomonas,Cryptophyte,Cell,Height,3
G19041143451,143,Cryptomonas,Cryptophyte,Cell,Height,2.75
G19041143451,143,Cryptomonas,Cryptophyte,Cell,Height,7
G19041143451,143,Cryptomonas,Cryptophyte,Cell,Height,7
G19041143451,143,Cryptomonas,Cryptophyte,Cell,Height,3
G19041143451,143,Cryptomonas,Cryptophyte,Cell,Height,7
G19041143451,143,Elakatothrix,Chlorophyte,Cell,Height,4.25
G19041143451,143,Elakatothrix,Chlorophyte,Cell,Height,3.75
G19041143451,143,Elakatothrix,Chlorophyte,Cell,Height,4
G19041143451,143,Elakatothrix,Chlorophyte,Cell,Height,4
G19041143451,143,Elakatothrix,Chlorophyte,Cell,Height,4
G19041143451,143,Elakatothrix,Chlorophyte,Cell,Height,3.75
G19041143451,143,Elakatothrix,Chlorophyte,Cell,Height,4
G19041143451,143,Elakatothrix,Chlorophyte,Cell,Height,4
G19041143451,143,Elakatothrix,Chlorophyte,Cell,Height,3.75
G19041143451,143,Elakatothrix,Chlorophyte,Cell,Height,4
G19041143451,143,Elakatothrix,Chlorophyte,Cell,Height,4
G19041143451,143,Elakatothrix,Chlorophyte,Cell,Height,3.75
G19041143451,143,Elakatothrix,Chlorophyte,Cell,Height,4
G19041143451,143,Elakatothrix,Chlorophyte,Cell,Height,4
G19041143451,143,Eudorina,Chlorophyte,Cell,Height,3.75
G19041143451,143,Eudorina,Chlorophyte,Cell,Height,3.25
G19041143451,143,Eudorina,Chlorophyte,Cell,Height,4
G19041143451,143,Eudorina,Chlorophyte,Cell,Height,4
G19041143451,143,Eudorina,Chlorophyte,Cell,Height,3.75
G19041143451,143,Eudorina,Chlorophyte,Cell,Height,3.25
G19041143451,143,Eudorina,Chlorophyte,Cell,Height,4
G19041143451,143,Eudorina,Chlorophyte,Cell,Height,4
G19041143451,143,Eudorina,Chlorophyte,Cell,Height,3.75
G19041143451,143,Eudorina,Chlorophyte,Cell,Height,3.25
G19041143451,143,Eudorina,Chlorophyte,Cell,Height,4
G19041143451,143,Eudorina,Chlorophyte,Cell,Height,4
G19041143451,143,Eudorina,Chlorophyte,Cell,Height,3.75
G19041143451,143,Eudorina,Chlorophyte,Cell,Height,3.25
G19041143451,143,Eudorina,Chlorophyte,Cell,Height,4
G19041143451,143,Eudorina,Chlorophyte,Cell,Height,4
G19041143451,143,Eudorina,Chlorophyte,Cell,Height,3.75
G19041143451,143,Eudorina,Chlorophyte,Cell,Height,3.25
G19041143451,143,Eudorina,Chlorophyte,Cell,Height,4
G19041143451,143,Eudorina,Chlorophyte,Cell,Height,4
G19041143451,143,Eudorina,Chlorophyte,Cell,Height,3.75
G19041143451,143,Eudorina,Chlorophyte,Cell,Height,3.25
G19041143451,143,Eudorina,Chlorophyte,Cell,Height,4
G19041143451,143,Eudorina,Chlorophyte,Cell,Height,4
G19041143451,143,Eudorina,Chlorophyte,Cell,Height,3.25
G19041143451,143,Eudorina,Chlorophyte,Cell,Height,4
G19041143451,143,Eudorina,Chlorophyte,Cell,Height,4
G19041143451,143,Eudorina,Chlorophyte,Cell,Height,3.25
G19041143451,143,Eudorina,Chlorophyte,Cell,Height,4
G19041143451,143,Eudorina,Chlorophyte,Cell,Height,4
G19041143451,143,Eudorina,Chlorophyte,Cell,Height,3.25
G19041143451,143,Eudorina,Chlorophyte,Cell,Height,4
G19041143451,143,Eudorina,Chlorophyte,Cell,Height,4
G19041143451,143,Eudorina,Chlorophyte,Cell,Height,3.25
G19041143451,143,Eudorina,Chlorophyte,Cell,Height,4
G19041143451,143,Eudorina,Chlorophyte,Cell,Height,4
G19041143451,143,Eudorina,Chlorophyte,Cell,Height,3.25
G19041143451,143,Eudorina,Chlorophyte,Cell,Height,4
G19041143451,143,Eudorina,Chlorophyte,Cell,Height,4
G19041143451,143,Eudorina,Chlorophyte,Cell,Height,3.25
G19041143451,143,Eudorina,Chlorophyte,Cell,Height,4
G19041143451,143,Eudorina,Chlorophyte,Cell,Height,4
G19041143451,143,Eudorina,Chlorophyte,Cell,Height,3.25
G19041143451,143,Eudorina,Chlorophyte,Cell,Height,4
G19041143451,143,Eudorina,Chlorophyte,Cell,Height,4
G19041143451,143,Eudorina,Chlorophyte,Cell,Height,3.25
G19041143451,143,Eudorina,Chlorophyte,Cell,Height,4
G19041143451,143,Eudorina,Chlorophyte,Cell,Height,4
G19041143451,143,Eudorina,Chlorophyte,Cell,Height,3.25
G19041143451,143,Eudorina,Chlorophyte,Cell,Height,4
G19041143451,143,Eudorina,Chlorophyte,Cell,Height,4
G19041143451,143,Eudorina,Chlorophyte,Cell,Height,3.25
G19041143451,143,Eudorina,Chlorophyte,Cell,Height,4
G19041143451,143,Eudorina,Chlorophyte,Cell,Height,4
G19041143451,143,Eudorina,Chlorophyte,Cell,Height,3
G19041143451,143,Eudorina,Chlorophyte,Cell,Height,3
G19041143451,143,Eudorina,Chlorophyte,Cell,Height,3
G19041143451,143,Eudorina,Chlorophyte,Cell,Height,3
G19041143451,143,Eudorina,Chlorophyte,Cell,Height,3
G19041143451,143,Eudorina,Chlorophyte,Cell,Height,3
G19041143451,143,Eudorina,Chlorophyte,Cell,Height,3
G19041143451,143,Eudorina,Chlorophyte,Cell,Height,3
G19041143451,143,Eudorina,Chlorophyte,Cell,Height,3
G19041143451,143,Eudorina,Chlorophyte,Cell,Height,3
G19041143451,143,Eudorina,Chlorophyte,Cell,Height,3
G19041143451,143,Eudorina,Chlorophyte,Cell,Height,3
G19041143451,143,Eudorina,Chlorophyte,Cell,Height,3
G19041143451,143,Eudorina,Chlorophyte,Cell,Height,3
G19041143451,143,Eudorina,Chlorophyte,Cell,Height,3
G19041143451,143,Eudorina,Chlorophyte,Cell,Height,3
G19041143451,143,Eudorina,Chlorophyte,Cell,Height,3
G19041143451,143,Eudorina,Chlorophyte,Cell,Height,3
G19041143451,143,Eudorina,Chlorophyte,Cell,Height,3
G19041143451,143,Eudorina,Chlorophyte,Cell,Height,3
G19041143451,143,Eudorina,Chlorophyte,Cell,Height,3
G19041143451,143,Eudorina,Chlorophyte,Cell,Height,3
G19041143451,143,Eudorina,Chlorophyte,Cell,Height,3
G19041143451,143,Eudorina,Chlorophyte,Cell,Height,3
G19041143451,143,Fragilaria,Bacillariophyte,Cell,Height,1.75
G19041143451,143,Fragilaria,Bacillariophyte,Cell,Height,1.08
G19041143451,143,Fragilaria,Bacillariophyte,Cell,Height,20
G19041143451,143,Fragilaria,Bacillariophyte,Cell,Height,1.75
G19041143451,143,Fragilaria,Bacillariophyte,Cell,Height,1.08
G19041143451,143,Fragilaria,Bacillariophyte,Cell,Height,1.75
G19041143451,143,Fragilaria,Bacillariophyte,Cell,Height,1.08
G19041143451,143,Fragilaria,Bacillariophyte,Cell,Height,1.75
G19041143451,143,Fragilaria,Bacillariophyte,Cell,Height,1.08
G19041143451,143,Fragilaria,Bacillariophyte,Cell,Height,1.75
G19041143451,143,Fragilaria,Bacillariophyte,Cell,Height,1.08
G19041143451,143,Fragilaria,Bacillariophyte,Cell,Height,1.75
G19041143451,143,Fragilaria,Bacillariophyte,Cell,Height,1.08
G19041143451,143,Fragilaria,Bacillariophyte,Cell,Height,1.75
G19041143451,143,Fragilaria,Bacillariophyte,Cell,Height,1.08
G19041143451,143,Fragilaria,Bacillariophyte,Cell,Height,1.75
G19041143451,143,Fragilaria,Bacillariophyte,Cell,Height,1.08
G19041143451,143,Fragilaria,Bacillariophyte,Cell,Height,1.75
G19041143451,143,Fragilaria,Bacillariophyte,Cell,Height,1.08
G19041143451,143,Fragilaria,Bacillariophyte,Cell,Height,1.75
G19041143451,143,Fragilaria,Bacillariophyte,Cell,Height,1.08
G19041143451,143,Fragilaria,Bacillariophyte,Cell,Height,1.75
G19041143451,143,Fragilaria,Bacillariophyte,Cell,Height,1.08
G19041143451,143,Fragilaria,Bacillariophyte,Cell,Height,1.75
G19041143451,143,Fragilaria,Bacillariophyte,Cell,Height,1.08
G19041143451,143,Fragilaria,Bacillariophyte,Cell,Height,1.75
G19041143451,143,Fragilaria,Bacillariophyte,Cell,Height,1.08
G19041143451,143,Fragilaria,Bacillariophyte,Cell,Height,1.75
G19041143451,143,Fragilaria,Bacillariophyte,Cell,Height,1.08
G19041143451,143,Fragilaria,Bacillariophyte,Cell,Height,1.75
G19041143451,143,Fragilaria,Bacillariophyte,Cell,Height,1.08
G19041143451,143,Fragilaria,Bacillariophyte,Cell,Height,1.75
G19041143451,143,Fragilaria,Bacillariophyte,Cell,Height,1.08
G19041143451,143,Fragilaria,Bacillariophyte,Cell,Height,1.75
G19041143451,143,Fragilaria,Bacillariophyte,Cell,Height,1.08
G19041143451,143,Fragilaria,Bacillariophyte,Cell,Height,1.75
G19041143451,143,Fragilaria,Bacillariophyte,Cell,Height,1.08
G19041143451,143,Fragilaria,Bacillariophyte,Cell,Height,1.75
G19041143451,143,Fragilaria,Bacillariophyte,Cell,Height,1.08
G19041143451,143,Fragilaria,Bacillariophyte,Cell,Height,1.75
G19041143451,143,Fragilaria,Bacillariophyte,Cell,Height,1.08
G19041143451,143,Fragilaria,Bacillariophyte,Cell,Height,1.75
G19041143451,143,Fragilaria,Bacillariophyte,Cell,Height,1.08
G19041143451,143,Fragilaria,Bacillariophyte,Cell,Height,1.75
G19041143451,143,Fragilaria,Bacillariophyte,Cell,Height,1.08
G19041143451,143,Fragilaria,Bacillariophyte,Cell,Height,1.75
G19041143451,143,Fragilaria,Bacillariophyte,Cell,Height,1.08
G19041143451,143,Fragilaria,Bacillariophyte,Cell,Height,1.75
G19041143451,143,Fragilaria,Bacillariophyte,Cell,Height,1.08
G19041143451,143,Fragilaria,Bacillariophyte,Cell,Height,1.75
G19041143451,143,Fragilaria,Bacillariophyte,Cell,Height,1.08
G19041143451,143,Fragilaria,Bacillariophyte,Cell,Height,1.75
G19041143451,143,Fragilaria,Bacillariophyte,Cell,Height,1.08
G19041143451,143,Fragilaria,Bacillariophyte,Cell,Height,1.75
G19041143451,143,Fragilaria,Bacillariophyte,Cell,Height,1.08
G19041143451,143,Fragilaria,Bacillariophyte,Cell,Height,1.75
G19041143451,143,Fragilaria,Bacillariophyte,Cell,Height,1.08
G19041143451,143,Fragilaria,Bacillariophyte,Cell,Height,1.75
G19041143451,143,Fragilaria,Bacillariophyte,Cell,Height,1.08
G19041143451,143,Fragilaria,Bacillariophyte,Cell,Height,1.75
G19041143451,143,Fragilaria,Bacillariophyte,Cell,Height,1.08
G19041143451,143,Fragilaria,Bacillariophyte,Cell,Height,1.75
G19041143451,143,Fragilaria,Bacillariophyte,Cell,Height,1.08
G19041143451,143,Fragilaria,Bacillariophyte,Cell,Height,1.75
G19041143451,143,Fragilaria,Bacillariophyte,Cell,Height,1.08
G19041143451,143,Fragilaria,Bacillariophyte,Cell,Height,1.75
G19041143451,143,Fragilaria,Bacillariophyte,Cell,Height,1.08
G19041143451,143,Fragilaria,Bacillariophyte,Cell,Height,1.75
G19041143451,143,Fragilaria,Bacillariophyte,Cell,Height,1.08
G19041143451,143,Fragilaria,Bacillariophyte,Cell,Height,1.08
G19041143451,143,Fragilaria,Bacillariophyte,Cell,Height,1.08
G19041143451,143,Fragilaria,Bacillariophyte,Cell,Height,1.08
G19041143451,143,Fragilaria,Bacillariophyte,Cell,Height,1.08
G19041143451,143,Fragilaria,Bacillariophyte,Cell,Height,1.08
G19041143451,143,Fragilaria,Bacillariophyte,Cell,Height,1.08
G19041143451,143,Fragilaria,Bacillariophyte,Cell,Height,1.08
G19041143451,143,Fragilaria,Bacillariophyte,Cell,Height,1.08
G19041143451,143,Fragilaria,Bacillariophyte,Cell,Height,1.08
G19041143451,143,Fragilaria,Bacillariophyte,Cell,Height,1.08
G19041143451,143,Fragilaria,Bacillariophyte,Cell,Height,1.08
G19041143451,143,Fragilaria,Bacillariophyte,Cell,Height,1.08
G19041143451,143,Fragilaria,Bacillariophyte,Cell,Height,1.08
G19041143451,143,Fragilaria,Bacillariophyte,Cell,Height,1.08
G19041143451,143,Fragilaria,Bacillariophyte,Cell,Height,1.08
G19041143451,143,Fragilaria,Bacillariophyte,Cell,Height,1.08
G19041143451,143,Oocystis,Chlorophyte,Cell,Height,2
G19041143451,143,Oocystis,Chlorophyte,Cell,Height,2.25
G19041143451,143,Oocystis,Chlorophyte,Cell,Height,4
G19041143451,143,Oocystis,Chlorophyte,Cell,Height,3.5
G19041143451,143,Oocystis,Chlorophyte,Cell,Height,5.25
G19041143451,143,Oocystis,Chlorophyte,Cell,Height,4
G19041143451,143,Oocystis,Chlorophyte,Cell,Height,2
G19041143451,143,Oocystis,Chlorophyte,Cell,Height,4
G19041143451,143,Oocystis,Chlorophyte,Cell,Height,2
G19041143451,143,Oocystis,Chlorophyte,Cell,Height,7.75
G19041143451,143,Oocystis,Chlorophyte,Cell,Height,4
G19041143451,143,Oocystis,Chlorophyte,Cell,Height,4
G19041143451,143,Oocystis,Chlorophyte,Cell,Height,3
G19041143451,143,Oocystis,Chlorophyte,Cell,Height,2
G19041143451,143,Oocystis,Chlorophyte,Cell,Height,1.25
G19041143451,143,Oocystis,Chlorophyte,Cell,Height,2
G19041143451,143,Oocystis,Chlorophyte,Cell,Height,2
G19041143451,143,Oocystis,Chlorophyte,Cell,Height,2
G19041143451,143,Oocystis,Chlorophyte,Cell,Height,2
G19041143451,143,Oocystis,Chlorophyte,Cell,Height,2
G19041143451,143,Oocystis,Chlorophyte,Cell,Height,2
G19041143451,143,Oocystis,Chlorophyte,Cell,Height,2
G19041143451,143,Oocystis,Chlorophyte,Cell,Height,2
G19041143451,143,Oocystis,Chlorophyte,Cell,Height,4
G19041143451,143,Oocystis,Chlorophyte,Cell,Height,2
G19041143451,143,Oocystis,Chlorophyte,Cell,Height,2
G19041143451,143,Pediastrum,Chlorophyte,Cell,Height,5
G19041143451,143,Pediastrum,Chlorophyte,Cell,Height,4
G19041143451,143,Pediastrum,Chlorophyte,Cell,Height,5
G19041143451,143,Pediastrum,Chlorophyte,Cell,Height,4
G19041143451,143,Pediastrum,Chlorophyte,Cell,Height,5
G19041143451,143,Pediastrum,Chlorophyte,Cell,Height,4
G19041143451,143,Pediastrum,Chlorophyte,Cell,Height,5
G19041143451,143,Pediastrum,Chlorophyte,Cell,Height,4
G19041143451,143,Pediastrum,Chlorophyte,Cell,Height,5
G19041143451,143,Pediastrum,Chlorophyte,Cell,Height,4
G19041143451,143,Pediastrum,Chlorophyte,Cell,Height,5
G19041143451,143,Pediastrum,Chlorophyte,Cell,Height,4
G19041143451,143,Pediastrum,Chlorophyte,Cell,Height,5
G19041143451,143,Pediastrum,Chlorophyte,Cell,Height,4
G19041143451,143,Pediastrum,Chlorophyte,Cell,Height,5
G19041143451,143,Pediastrum,Chlorophyte,Cell,Height,4
G19041143451,143,Pediastrum,Chlorophyte,Cell,Height,5
G19041143451,143,Pediastrum,Chlorophyte,Cell,Height,4
G19041143451,143,Pediastrum,Chlorophyte,Cell,Height,5
G19041143451,143,Pediastrum,Chlorophyte,Cell,Height,4
G19041143451,143,Pediastrum,Chlorophyte,Cell,Height,5
G19041143451,143,Pediastrum,Chlorophyte,Cell,Height,4
G19041143451,143,Pediastrum,Chlorophyte,Cell,Height,5
G19041143451,143,Pediastrum,Chlorophyte,Cell,Height,4
G19041143451,143,Pediastrum,Chlorophyte,Cell,Height,5
G19041143451,143,Pediastrum,Chlorophyte,Cell,Height,4
G19041143451,143,Pediastrum,Chlorophyte,Cell,Height,5
G19041143451,143,Pediastrum,Chlorophyte,Cell,Height,4
G19041143451,143,Pediastrum,Chlorophyte,Cell,Height,5
G19041143451,143,Pediastrum,Chlorophyte,Cell,Height,4
G19041143451,143,Pediastrum,Chlorophyte,Cell,Height,5
G19041143451,143,Pediastrum,Chlorophyte,Cell,Height,4
G19041143451,143,Pediastrum,Chlorophyte,Cell,Height,5
G19041143451,143,Pediastrum,Chlorophyte,Cell,Height,2.75
G19041143451,143,Pediastrum,Chlorophyte,Cell,Height,5
G19041143451,143,Pediastrum,Chlorophyte,Cell,Height,2.75
G19041143451,143,Pediastrum,Chlorophyte,Cell,Height,5
G19041143451,143,Pediastrum,Chlorophyte,Cell,Height,2.75
G19041143451,143,Pediastrum,Chlorophyte,Cell,Height,5
G19041143451,143,Pediastrum,Chlorophyte,Cell,Height,2.75
G19041143451,143,Pediastrum,Chlorophyte,Cell,Height,5
G19041143451,143,Pediastrum,Chlorophyte,Cell,Height,2.75
G19041143451,143,Pediastrum,Chlorophyte,Cell,Height,5
G19041143451,143,Pediastrum,Chlorophyte,Cell,Height,2.75
G19041143451,143,Pediastrum,Chlorophyte,Cell,Height,5
G19041143451,143,Pediastrum,Chlorophyte,Cell,Height,2.75
G19041143451,143,Pediastrum,Chlorophyte,Cell,Height,5
G19041143451,143,Pediastrum,Chlorophyte,Cell,Height,2.75
G19041143451,143,Pediastrum,Chlorophyte,Cell,Height,4
G19041143451,143,Pediastrum,Chlorophyte,Cell,Height,1.75
G19041143451,143,Pediastrum,Chlorophyte,Cell,Height,4
G19041143451,143,Pediastrum,Chlorophyte,Cell,Height,1.75
G19041143451,143,Pediastrum,Chlorophyte,Cell,Height,4
G19041143451,143,Pediastrum,Chlorophyte,Cell,Height,1.75
G19041143451,143,Pediastrum,Chlorophyte,Cell,Height,4
G19041143451,143,Pediastrum,Chlorophyte,Cell,Height,1.75
G19041143451,143,Pediastrum,Chlorophyte,Cell,Height,4
G19041143451,143,Pediastrum,Chlorophyte,Cell,Height,1.25
G19041143451,143,Pediastrum,Chlorophyte,Cell,Height,4
G19041143451,143,Pediastrum,Chlorophyte,Cell,Height,4
G19041143451,143,Pediastrum,Chlorophyte,Cell,Height,4
G19041143451,143,Pediastrum,Chlorophyte,Cell,Height,4
G19041143451,143,Pediastrum,Chlorophyte,Cell,Height,4
G19041143451,143,Pediastrum,Chlorophyte,Cell,Height,4
G19041143451,143,Pediastrum,Chlorophyte,Cell,Height,4
G19041143451,143,Pediastrum,Chlorophyte,Cell,Height,4
G19041143451,143,Pediastrum,Chlorophyte,Cell,Height,4
G19041143451,143,Pediastrum,Chlorophyte,Cell,Height,4
G19041143451,143,Pediastrum,Chlorophyte,Cell,Height,4
G19041143451,143,Pediastrum,Chlorophyte,Cell,Height,4
G19041143451,143,Pediastrum,Chlorophyte,Cell,Height,4
G19041143451,143,Pediastrum,Chlorophyte,Cell,Height,4
G19041143451,143,Pediastrum,Chlorophyte,Cell,Height,4
G19041143451,143,Pediastrum,Chlorophyte,Cell,Height,4
G19041143451,143,Pediastrum,Chlorophyte,Cell,Height,3.25
G19041143451,143,Pediastrum,Chlorophyte,Cell,Height,3.25
G19041143451,143,Pediastrum,Chlorophyte,Cell,Height,3.25
G19041143451,143,Pediastrum,Chlorophyte,Cell,Height,3.25
G19041143451,143,Pediastrum,Chlorophyte,Cell,Height,3.25
G19041143451,143,Pediastrum,Chlorophyte,Cell,Height,3.25
G19041143451,143,Pediastrum,Chlorophyte,Cell,Height,3.25
G19041143451,143,Pediastrum,Chlorophyte,Cell,Height,3.25
G19041143451,143,Pediastrum,Chlorophyte,Cell,Height,3.25
G19041143451,143,Pediastrum,Chlorophyte,Cell,Height,3.25
G19041143451,143,Pediastrum,Chlorophyte,Cell,Height,3.25
G19041143451,143,Pediastrum,Chlorophyte,Cell,Height,3.25
G19041143451,143,Pediastrum,Chlorophyte,Cell,Height,2.75
G19041143451,143,Pediastrum,Chlorophyte,Cell,Height,2.75
G19041143451,143,Pediastrum,Chlorophyte,Cell,Height,2.75
G19041143451,143,Pediastrum,Chlorophyte,Cell,Height,2.75
G19041143451,143,Pediastrum,Chlorophyte,Cell,Height,2.75
G19041143451,143,Pediastrum,Chlorophyte,Cell,Height,2.75
G19041143451,143,Pediastrum,Chlorophyte,Cell,Height,2.75
G19041143451,143,Pediastrum,Chlorophyte,Cell,Height,2.75
G19041143451,143,Pediastrum,Chlorophyte,Cell,Height,2.5
G19041143451,143,Pediastrum,Chlorophyte,Cell,Height,2.5
G19041143451,143,Pseudanabaena,Cyanophyte,Cell,Height,1
G19041143451,143,Pseudanabaena,Cyanophyte,Cell,Height,1
G19041143451,143,Pseudanabaena,Cyanophyte,Cell,Height,0.75
G19041143451,143,Pseudanabaena,Cyanophyte,Cell,Height,1
G19041143451,143,Pseudanabaena,Cyanophyte,Cell,Height,1
G19041143451,143,Pseudanabaena,Cyanophyte,Cell,Height,1
G19041143451,143,Pseudanabaena,Cyanophyte,Cell,Height,1
G19041143451,143,Pseudanabaena,Cyanophyte,Cell,Height,1
G19041143451,143,Pseudanabaena,Cyanophyte,Cell,Height,1
G19041143451,143,Pseudanabaena,Cyanophyte,Cell,Height,0.75
G19041143451,143,Pseudanabaena,Cyanophyte,Cell,Height,1
G19041143451,143,Pseudanabaena,Cyanophyte,Cell,Height,1
G19041143451,143,Pseudanabaena,Cyanophyte,Cell,Height,1
G19041143451,143,Pseudanabaena,Cyanophyte,Cell,Height,1
G19041143451,143,Pseudanabaena,Cyanophyte,Cell,Height,1
G19041143451,143,Pseudanabaena,Cyanophyte,Cell,Height,1
G19041143451,143,Pseudanabaena,Cyanophyte,Cell,Height,0.75
G19041143451,143,Pseudanabaena,Cyanophyte,Cell,Height,1
G19041143451,143,Pseudanabaena,Cyanophyte,Cell,Height,1
G19041143451,143,Pseudanabaena,Cyanophyte,Cell,Height,1
G19041143451,143,Pseudanabaena,Cyanophyte,Cell,Height,1
G19041143451,143,Pseudanabaena,Cyanophyte,Cell,Height,1
G19041143451,143,Pseudanabaena,Cyanophyte,Cell,Height,1
G19041143451,143,Pseudanabaena,Cyanophyte,Cell,Height,1
G19041143451,143,Pseudanabaena,Cyanophyte,Cell,Height,1
G19041143451,143,Pseudanabaena,Cyanophyte,Cell,Height,1
G19041143451,143,Pseudanabaena,Cyanophyte,Cell,Height,1
G19041143451,143,Pseudanabaena,Cyanophyte,Cell,Height,1
G19041143451,143,Pseudanabaena,Cyanophyte,Cell,Height,1
G19041143451,143,Pseudanabaena,Cyanophyte,Cell,Height,1
G19041143451,143,Pseudanabaena,Cyanophyte,Cell,Height,1
G19041143451,143,Pseudanabaena,Cyanophyte,Cell,Height,1
G19041143451,143,Pseudanabaena,Cyanophyte,Cell,Height,1
G19041143451,143,Pseudanabaena,Cyanophyte,Cell,Height,1
G19041143451,143,Pseudanabaena,Cyanophyte,Cell,Height,1
G19041143451,143,Pseudanabaena,Cyanophyte,Cell,Height,1
G19041143451,143,Pseudanabaena,Cyanophyte,Cell,Height,1
G19041143451,143,Pseudanabaena,Cyanophyte,Cell,Height,1
G19041143451,143,Pseudanabaena,Cyanophyte,Cell,Height,1
G19041143451,143,Staurastrum,Chlorophyte,Cell,Height,10
G19041143451,143,Staurastrum,Chlorophyte,Cell,Height,6
G19041143451,143,Staurastrum,Chlorophyte,Cell,Height,10
G19041143451,143,Stephanodiscus,Bacillariophyte,Cell,Height,14
G19041143451,143,Stephanodiscus,Bacillariophyte,Cell,Height,12.75
G19041143451,143,Stephanodiscus,Bacillariophyte,Cell,Height,21
G19041143451,143,Stephanodiscus,Bacillariophyte,Cell,Height,15
G19041143451,143,Stephanodiscus,Bacillariophyte,Cell,Height,11
G19041143451,143,Stephanodiscus,Bacillariophyte,Cell,Height,9
G19041143451,143,Stephanodiscus,Bacillariophyte,Cell,Height,14
G19041143451,143,Stephanodiscus,Bacillariophyte,Cell,Height,14
G19041143451,143,Stephanodiscus,Bacillariophyte,Cell,Height,14
G19041143451,143,Stephanodiscus,Bacillariophyte,Cell,Height,10
G19041143451,143,Stephanodiscus,Bacillariophyte,Cell,Height,10
G19041143451,143,Stephanodiscus,Bacillariophyte,Cell,Height,13
G19041143451,143,Stephanodiscus,Bacillariophyte,Cell,Height,17
G19041143451,143,Stephanodiscus,Bacillariophyte,Cell,Height,11
G19041143451,143,Stephanodiscus,Bacillariophyte,Cell,Height,10.25
G19041143451,143,Stephanodiscus,Bacillariophyte,Cell,Height,17
G19041143451,143,Stephanodiscus,Bacillariophyte,Cell,Height,16
G19041143451,143,Stephanodiscus,Bacillariophyte,Cell,Height,15
G19041143451,143,Stephanodiscus,Bacillariophyte,Cell,Height,13
G19041143451,143,Stephanodiscus,Bacillariophyte,Cell,Height,15
G19041143451,143,Stephanodiscus,Bacillariophyte,Cell,Height,16
G19041143451,143,Stephanodiscus,Bacillariophyte,Cell,Height,14
G19041143451,143,Stephanodiscus,Bacillariophyte,Cell,Height,13
G19041143451,143,Stephanodiscus,Bacillariophyte,Cell,Height,13
G19041143451,143,Stephanodiscus,Bacillariophyte,Cell,Height,13
G19041143451,143,Stephanodiscus,Bacillariophyte,Cell,Height,13
G19041143451,143,Stephanodiscus,Bacillariophyte,Cell,Height,17
G19041143451,143,Stephanodiscus,Bacillariophyte,Cell,Height,15
G19041143451,143,Stephanodiscus,Bacillariophyte,Cell,Height,14
G19041143451,143,Stephanodiscus,Bacillariophyte,Cell,Height,14
G19041143451,143,Stephanodiscus,Bacillariophyte,Cell,Height,15
G19041143451,143,Stephanodiscus,Bacillariophyte,Cell,Height,16
G19041143451,143,Stephanodiscus,Bacillariophyte,Cell,Height,14.5
G19041143451,143,Stephanodiscus,Bacillariophyte,Cell,Height,13
G19041143451,143,Stephanodiscus,Bacillariophyte,Cell,Height,14
G19041143451,143,Stephanodiscus,Bacillariophyte,Cell,Height,11.75
G19041143451,143,Stephanodiscus,Bacillariophyte,Cell,Height,14
G19041143451,143,Stephanodiscus,Bacillariophyte,Cell,Height,15
G19041143451,143,Stephanodiscus,Bacillariophyte,Cell,Height,19
G19041143451,143,Stephanodiscus,Bacillariophyte,Cell,Height,14
G19041143451,143,Stephanodiscus,Bacillariophyte,Cell,Height,15
G19041143451,143,Stephanodiscus,Bacillariophyte,Cell,Height,15
G19041143451,143,Stephanodiscus,Bacillariophyte,Cell,Height,13
G19041143451,143,Stephanodiscus,Bacillariophyte,Cell,Height,13
G19041143451,143,Stephanodiscus,Bacillariophyte,Cell,Height,15
G19041143451,143,Stephanodiscus,Bacillariophyte,Cell,Height,15
G19041143451,143,Stephanodiscus,Bacillariophyte,Cell,Height,6
G19041143451,143,Stephanodiscus,Bacillariophyte,Cell,Height,19
G19041143451,143,Stephanodiscus,Bacillariophyte,Cell,Height,17
G19041143451,143,Stephanodiscus,Bacillariophyte,Cell,Height,12
G19041143451,143,Stephanodiscus,Bacillariophyte,Cell,Height,14
G19041143451,143,Stephanodiscus,Bacillariophyte,Cell,Height,12
G19041143451,143,Stephanodiscus,Bacillariophyte,Cell,Height,14
G19041143451,143,Stephanodiscus,Bacillariophyte,Cell,Height,14
G19041143451,143,Stephanodiscus,Bacillariophyte,Cell,Height,23
G19041143451,143,Stephanodiscus,Bacillariophyte,Cell,Height,12
G19041143451,143,Stephanodiscus,Bacillariophyte,Cell,Height,13.25
G19041143451,143,Stephanodiscus,Bacillariophyte,Cell,Height,17
G19041143451,143,Stephanodiscus,Bacillariophyte,Cell,Height,14
G19041143451,143,Trachelomonas,Euglenophyte,Cell,Height,7
G19041143451,143,Woronichinia,Cyanophyte,Cell,Height,1.75
G19041143451,143,Woronichinia,Cyanophyte,Cell,Height,1.75
G19041143451,143,Woronichinia,Cyanophyte,Cell,Height,1.75
G19041143451,143,Woronichinia,Cyanophyte,Cell,Height,1.75
G19041143451,143,Woronichinia,Cyanophyte,Cell,Height,1.75
G19041143451,143,Woronichinia,Cyanophyte,Cell,Height,1.75
G19041143451,143,Woronichinia,Cyanophyte,Cell,Height,1.75
G19041143451,143,Woronichinia,Cyanophyte,Cell,Height,1.75
G19041143451,143,Woronichinia,Cyanophyte,Cell,Height,1.75
G19041143451,143,Woronichinia,Cyanophyte,Cell,Height,1.75
G19041143451,143,Woronichinia,Cyanophyte,Cell,Height,1.75
G19041143451,143,Woronichinia,Cyanophyte,Cell,Height,1.75
G19041143451,143,Woronichinia,Cyanophyte,Cell,Height,1.75
G19041143451,143,Woronichinia,Cyanophyte,Cell,Height,1.75
G19041143451,143,Woronichinia,Cyanophyte,Cell,Height,1.75
G19041143451,143,Woronichinia,Cyanophyte,Cell,Height,1.75
G19041143451,143,Woronichinia,Cyanophyte,Cell,Height,1.75
G19041143451,143,Woronichinia,Cyanophyte,Cell,Height,1.75
G19041143451,143,Woronichinia,Cyanophyte,Cell,Height,1.75
G19041143451,143,Woronichinia,Cyanophyte,Cell,Height,1.75
G19041143451,143,Woronichinia,Cyanophyte,Cell,Height,1.75
G19041143451,143,Woronichinia,Cyanophyte,Cell,Height,1.75
G19041143451,143,Woronichinia,Cyanophyte,Cell,Height,1.75
G19041143451,143,Woronichinia,Cyanophyte,Cell,Height,1.75
G19041143451,143,Woronichinia,Cyanophyte,Cell,Height,1.75
G19041143451,143,Woronichinia,Cyanophyte,Cell,Height,1.75
G19041143451,143,Woronichinia,Cyanophyte,Cell,Height,1.75
G19041143451,143,Woronichinia,Cyanophyte,Cell,Height,1.75
G19041143451,143,Woronichinia,Cyanophyte,Cell,Height,1.75
G19041143451,143,Woronichinia,Cyanophyte,Cell,Height,1.75
G19041143451,143,Woronichinia,Cyanophyte,Cell,Height,1.75
G19041143451,143,Woronichinia,Cyanophyte,Cell,Height,1.75
G19041143451,143,Woronichinia,Cyanophyte,Cell,Height,1.75
G19041143451,143,Woronichinia,Cyanophyte,Cell,Height,1.75
G19041143451,143,Woronichinia,Cyanophyte,Cell,Height,1.75
G19041143451,143,Woronichinia,Cyanophyte,Cell,Height,1.75
G19041143451,143,Woronichinia,Cyanophyte,Cell,Height,1.75
G19041143451,143,Woronichinia,Cyanophyte,Cell,Height,1.75
G19041143451,143,Woronichinia,Cyanophyte,Cell,Height,1.75
G19041143451,143,Woronichinia,Cyanophyte,Cell,Height,1.75
G19041143451,143,Woronichinia,Cyanophyte,Cell,Height,1.75
G19041143451,143,Woronichinia,Cyanophyte,Cell,Height,1.75
G19041143451,143,Woronichinia,Cyanophyte,Cell,Height,1.75
G19041143451,143,Woronichinia,Cyanophyte,Cell,Height,1.75
G19041143451,143,Woronichinia,Cyanophyte,Cell,Height,1.75
G19041143451,143,Woronichinia,Cyanophyte,Cell,Height,1.75
G19041143451,143,Woronichinia,Cyanophyte,Cell,Height,1.75
G19041143451,143,Woronichinia,Cyanophyte,Cell,Height,1.75
G19041143451,143,Woronichinia,Cyanophyte,Cell,Height,1.75
G19041143451,143,Woronichinia,Cyanophyte,Cell,Height,1.75
G19041143451,143,Aphanizomenon,Cyanophyte,Colony,Height,25
G19041143451,143,Aphanizomenon,Cyanophyte,Colony,Height,60
G19041143451,143,Aphanizomenon,Cyanophyte,Colony,Height,101
G19041143451,143,Aphanizomenon,Cyanophyte,Colony,Height,63
G19041143451,143,Aphanizomenon,Cyanophyte,Colony,Height,34
G19041143451,143,Aphanizomenon,Cyanophyte,Colony,Height,88
G19041143451,143,Aphanizomenon,Cyanophyte,Colony,Height,38
G19041143451,143,Aphanizomenon,Cyanophyte,Colony,Height,57
G19041143451,143,Aphanizomenon,Cyanophyte,Colony,Height,77
G19041143451,143,Aphanizomenon,Cyanophyte,Colony,Height,72
G19041143451,143,Aphanizomenon,Cyanophyte,Colony,Height,15
G19041143451,143,Aphanizomenon,Cyanophyte,Colony,Height,3
G19041143451,143,Aphanizomenon,Cyanophyte,Colony,Height,38
G19041143451,143,Aphanizomenon,Cyanophyte,Colony,Height,63
G19041143451,143,Aphanizomenon,Cyanophyte,Colony,Height,17
G19041143451,143,Aphanizomenon,Cyanophyte,Colony,Height,62
G19041143451,143,Aphanizomenon,Cyanophyte,Colony,Height,8
G19041143451,143,Aphanizomenon,Cyanophyte,Colony,Height,101
G19041143451,143,Aphanizomenon,Cyanophyte,Colony,Height,63
G19041143451,143,Aphanizomenon,Cyanophyte,Colony,Height,67.25
G19041143451,143,Aphanizomenon,Cyanophyte,Colony,Height,57.5
G19041143451,143,Aphanizomenon,Cyanophyte,Colony,Height,84
G19041143451,143,Aphanizomenon,Cyanophyte,Colony,Height,98
G19041143451,143,Aphanizomenon,Cyanophyte,Colony,Height,31
G19041143451,143,Aphanizomenon,Cyanophyte,Colony,Height,57
G19041143451,143,Aphanizomenon,Cyanophyte,Colony,Height,66
G19041143451,143,Aphanizomenon,Cyanophyte,Colony,Height,135
G19041143451,143,Aphanizomenon,Cyanophyte,Colony,Height,23
G19041143451,143,Aphanizomenon,Cyanophyte,Colony,Height,30
G19041143451,143,Aphanizomenon,Cyanophyte,Colony,Height,57
G19041143451,143,Aphanizomenon,Cyanophyte,Colony,Height,77
G19041143451,143,Aphanizomenon,Cyanophyte,Colony,Height,125
G19041143451,143,Aphanizomenon,Cyanophyte,Colony,Height,16
G19041143451,143,Aphanizomenon,Cyanophyte,Colony,Height,18
G19041143451,143,Aphanizomenon,Cyanophyte,Colony,Height,70
G19041143451,143,Aphanizomenon,Cyanophyte,Colony,Height,69
G19041143451,143,Aphanizomenon,Cyanophyte,Colony,Height,72
G19041143451,143,Aphanizomenon,Cyanophyte,Colony,Height,12
G19041143451,143,Aphanizomenon,Cyanophyte,Colony,Height,23
G19041143451,143,Aphanizomenon,Cyanophyte,Colony,Height,62
G19041143451,143,Aphanizomenon,Cyanophyte,Colony,Height,66
G19041143451,143,Aphanizomenon,Cyanophyte,Colony,Height,44
G19041143451,143,Aphanizomenon,Cyanophyte,Colony,Height,51
G19041143451,143,Aphanizomenon,Cyanophyte,Colony,Height,41
G19041143451,143,Aphanizomenon,Cyanophyte,Colony,Height,85
G19041143451,143,Aphanizomenon,Cyanophyte,Colony,Height,51
G19041143451,143,Aphanizomenon,Cyanophyte,Colony,Height,16
G19041143451,143,Aphanizomenon,Cyanophyte,Colony,Height,29
G19041143451,143,Elakatothrix,Chlorophyte,Colony,Height,6
G19041143451,143,Elakatothrix,Chlorophyte,Colony,Height,9
G19041143451,143,Elakatothrix,Chlorophyte,Colony,Height,10
G19041143451,143,Eudorina,Chlorophyte,Colony,Height,18
G19041143451,143,Eudorina,Chlorophyte,Colony,Height,12
G19041143451,143,Eudorina,Chlorophyte,Colony,Height,17
G19041143451,143,Eudorina,Chlorophyte,Colony,Height,26
G19041143451,143,Eudorina,Chlorophyte,Colony,Height,6
G19041143451,143,Eudorina,Chlorophyte,Colony,Height,8
G19041143451,143,Eudorina,Chlorophyte,Colony,Height,11
G19041143451,143,Eudorina,Chlorophyte,Colony,Height,16
G19041143451,143,Eudorina,Chlorophyte,Colony,Height,17
G19041143451,143,Eudorina,Chlorophyte,Colony,Height,6
G19041143451,143,Eudorina,Chlorophyte,Colony,Height,9
G19041143451,143,Eudorina,Chlorophyte,Colony,Height,6
G19041143451,143,Eudorina,Chlorophyte,Colony,Height,11
G19041143451,143,Eudorina,Chlorophyte,Colony,Height,13
G19041143451,143,Eudorina,Chlorophyte,Colony,Height,7
G19041143451,143,Eudorina,Chlorophyte,Colony,Height,14
G19041143451,143,Eudorina,Chlorophyte,Colony,Height,16
G19041143451,143,Eudorina,Chlorophyte,Colony,Height,14
G19041143451,143,Eudorina,Chlorophyte,Colony,Height,11
G19041143451,143,Eudorina,Chlorophyte,Colony,Height,15
G19041143451,143,Eudorina,Chlorophyte,Colony,Height,7
G19041143451,143,Eudorina,Chlorophyte,Colony,Height,8
G19041143451,143,Eudorina,Chlorophyte,Colony,Height,9
G19041143451,143,Eudorina,Chlorophyte,Colony,Height,10
G19041143451,143,Eudorina,Chlorophyte,Colony,Height,32
G19041143451,143,Eudorina,Chlorophyte,Colony,Height,9
G19041143451,143,Eudorina,Chlorophyte,Colony,Height,11
G19041143451,143,Eudorina,Chlorophyte,Colony,Height,8
G19041143451,143,Eudorina,Chlorophyte,Colony,Height,12
G19041143451,143,Eudorina,Chlorophyte,Colony,Height,6
G19041143451,143,Eudorina,Chlorophyte,Colony,Height,17
G19041143451,143,Eudorina,Chlorophyte,Colony,Height,9
G19041143451,143,Eudorina,Chlorophyte,Colony,Height,36
G19041143451,143,Eudorina,Chlorophyte,Colony,Height,9
G19041143451,143,Eudorina,Chlorophyte,Colony,Height,14
G19041143451,143,Eudorina,Chlorophyte,Colony,Height,8
G19041143451,143,Eudorina,Chlorophyte,Colony,Height,18
G19041143451,143,Eudorina,Chlorophyte,Colony,Height,15
G19041143451,143,Eudorina,Chlorophyte,Colony,Height,23
G19041143451,143,Eudorina,Chlorophyte,Colony,Height,8
G19041143451,143,Eudorina,Chlorophyte,Colony,Height,14
G19041143451,143,Eudorina,Chlorophyte,Colony,Height,8
G19041143451,143,Eudorina,Chlorophyte,Colony,Height,7
G19041143451,143,Eudorina,Chlorophyte,Colony,Height,8
G19041143451,143,Eudorina,Chlorophyte,Colony,Height,14
G19041143451,143,Eudorina,Chlorophyte,Colony,Height,4
G19041143451,143,Eudorina,Chlorophyte,Colony,Height,10
G19041143451,143,Eudorina,Chlorophyte,Colony,Height,6
G19041143451,143,Eudorina,Chlorophyte,Colony,Height,9
G19041143451,143,Eudorina,Chlorophyte,Colony,Height,16
G19041143451,143,Eudorina,Chlorophyte,Colony,Height,7
G19041143451,143,Eudorina,Chlorophyte,Colony,Height,16
G19041143451,143,Eudorina,Chlorophyte,Colony,Height,16
G19041143451,143,Eudorina,Chlorophyte,Colony,Height,9
G19041143451,143,Eudorina,Chlorophyte,Colony,Height,10
G19041143451,143,Eudorina,Chlorophyte,Colony,Height,9
G19041143451,143,Fragilaria,Bacillariophyte,Colony,Height,59.5
G19041143451,143,Fragilaria,Bacillariophyte,Colony,Height,130
G19041143451,143,Fragilaria,Bacillariophyte,Colony,Height,90
G19041143451,143,Fragilaria,Bacillariophyte,Colony,Height,74
G19041143451,143,Fragilaria,Bacillariophyte,Colony,Height,75
G19041143451,143,Fragilaria,Bacillariophyte,Colony,Height,97
G19041143451,143,Fragilaria,Bacillariophyte,Colony,Height,62
G19041143451,143,Fragilaria,Bacillariophyte,Colony,Height,33
G19041143451,143,Fragilaria,Bacillariophyte,Colony,Height,68
G19041143451,143,Fragilaria,Bacillariophyte,Colony,Height,15
G19041143451,143,Microcystis,Cyanophyte,Colony,Height,9
G19041143451,143,Microcystis,Cyanophyte,Colony,Height,9
G19041143451,143,Microcystis,Cyanophyte,Colony,Height,8
G19041143451,143,Microcystis,Cyanophyte,Colony,Height,18
G19041143451,143,Microcystis,Cyanophyte,Colony,Height,38
G19041143451,143,Microcystis,Cyanophyte,Colony,Height,33
G19041143451,143,Microcystis,Cyanophyte,Colony,Height,24
G19041143451,143,Microcystis,Cyanophyte,Colony,Height,27
G19041143451,143,Microcystis,Cyanophyte,Colony,Height,6
G19041143451,143,Microcystis,Cyanophyte,Colony,Height,10
G19041143451,143,Microcystis,Cyanophyte,Colony,Height,44
G19041143451,143,Microcystis,Cyanophyte,Colony,Height,5
G19041143451,143,Microcystis,Cyanophyte,Colony,Height,14
G19041143451,143,Microcystis,Cyanophyte,Colony,Height,8
G19041143451,143,Microcystis,Cyanophyte,Colony,Height,8
G19041143451,143,Microcystis,Cyanophyte,Colony,Height,9
G19041143451,143,Microcystis,Cyanophyte,Colony,Height,20
G19041143451,143,Microcystis,Cyanophyte,Colony,Height,7
G19041143451,143,Microcystis,Cyanophyte,Colony,Height,29
G19041143451,143,Microcystis,Cyanophyte,Colony,Height,5
G19041143451,143,Microcystis,Cyanophyte,Colony,Height,8
G19041143451,143,Microcystis,Cyanophyte,Colony,Height,6
G19041143451,143,Microcystis,Cyanophyte,Colony,Height,12
G19041143451,143,Microcystis,Cyanophyte,Colony,Height,50
G19041143451,143,Microcystis,Cyanophyte,Colony,Height,16
G19041143451,143,Microcystis,Cyanophyte,Colony,Height,10
G19041143451,143,Microcystis,Cyanophyte,Colony,Height,6
G19041143451,143,Microcystis,Cyanophyte,Colony,Height,9
G19041143451,143,Microcystis,Cyanophyte,Colony,Height,16
G19041143451,143,Microcystis,Cyanophyte,Colony,Height,22
G19041143451,143,Microcystis,Cyanophyte,Colony,Height,9
G19041143451,143,Microcystis,Cyanophyte,Colony,Height,15
G19041143451,143,Microcystis,Cyanophyte,Colony,Height,7
G19041143451,143,Microcystis,Cyanophyte,Colony,Height,8
G19041143451,143,Microcystis,Cyanophyte,Colony,Height,14
G19041143451,143,Microcystis,Cyanophyte,Colony,Height,10
G19041143451,143,Microcystis,Cyanophyte,Colony,Height,10
G19041143451,143,Microcystis,Cyanophyte,Colony,Height,15
G19041143451,143,Microcystis,Cyanophyte,Colony,Height,10
G19041143451,143,Oocystis,Chlorophyte,Colony,Height,4
G19041143451,143,Oocystis,Chlorophyte,Colony,Height,4.75
G19041143451,143,Oocystis,Chlorophyte,Colony,Height,8
G19041143451,143,Pediastrum,Chlorophyte,Colony,Height,48
G19041143451,143,Pseudanabaena,Cyanophyte,Colony,Height,3
G19041143451,143,Pseudanabaena,Cyanophyte,Colony,Height,5
G19041143451,143,Pseudanabaena,Cyanophyte,Colony,Height,2.25
G19041143451,143,Pseudanabaena,Cyanophyte,Colony,Height,3
G19041143451,143,Pseudanabaena,Cyanophyte,Colony,Height,4
G19041143451,143,Pseudanabaena,Cyanophyte,Colony,Height,3
G19041143451,143,Pseudanabaena,Cyanophyte,Colony,Height,3
G19041143451,143,Pseudanabaena,Cyanophyte,Colony,Height,3
G19041143451,143,Pseudanabaena,Cyanophyte,Colony,Height,3
G19041143451,143,Pseudanabaena,Cyanophyte,Colony,Height,3
G19041143451,143,Pseudanabaena,Cyanophyte,Colony,Height,2
G19041143451,143,Pseudanabaena,Cyanophyte,Colony,Height,4
G19041143451,143,Woronichinia,Cyanophyte,Colony,Height,28
G19041143451,143,Unknown centric bacillariophyte,Bacillariophyte,Cell,Diameter,5
G19041150451,150,Aphanizomenon,Cyanophyte,Cell,Height,4.75
G19041150451,150,Aphanizomenon,Cyanophyte,Cell,Height,2
G19041150451,150,Aphanizomenon,Cyanophyte,Cell,Height,4.75
G19041150451,150,Aphanizomenon,Cyanophyte,Cell,Height,2
G19041150451,150,Aphanizomenon,Cyanophyte,Cell,Height,4.75
G19041150451,150,Aphanizomenon,Cyanophyte,Cell,Height,2
G19041150451,150,Aphanizomenon,Cyanophyte,Cell,Height,4.75
G19041150451,150,Aphanizomenon,Cyanophyte,Cell,Height,2
G19041150451,150,Aphanizomenon,Cyanophyte,Cell,Height,4.75
G19041150451,150,Aphanizomenon,Cyanophyte,Cell,Height,2
G19041150451,150,Aphanizomenon,Cyanophyte,Cell,Height,4.75
G19041150451,150,Aphanizomenon,Cyanophyte,Cell,Height,2
G19041150451,150,Aphanizomenon,Cyanophyte,Cell,Height,4.75
G19041150451,150,Aphanizomenon,Cyanophyte,Cell,Height,2
G19041150451,150,Aphanizomenon,Cyanophyte,Cell,Height,4.75
G19041150451,150,Chalmydomonas,Chlorophyte,Cell,Height,2.25
G19041150451,150,Chalmydomonas,Chlorophyte,Cell,Height,2.25
G19041150451,150,Microcystis,Cyanophyte,Cell,Height,2.5
G19041150451,150,Microcystis,Cyanophyte,Cell,Height,2.75
G19041150451,150,Microcystis,Cyanophyte,Cell,Height,2.25
G19041150451,150,Microcystis,Cyanophyte,Cell,Height,2.5
G19041150451,150,Microcystis,Cyanophyte,Cell,Height,2.25
G19041150451,150,Microcystis,Cyanophyte,Cell,Height,3
G19041150451,150,Microcystis,Cyanophyte,Cell,Height,3
G19041150451,150,Microcystis,Cyanophyte,Cell,Height,2.75
G19041150451,150,Microcystis,Cyanophyte,Cell,Height,2.75
G19041150451,150,Microcystis,Cyanophyte,Cell,Height,2
G19041150451,150,Microcystis,Cyanophyte,Cell,Height,2.5
G19041150451,150,Microcystis,Cyanophyte,Cell,Height,2.25
G19041150451,150,Microcystis,Cyanophyte,Cell,Height,2.5
G19041150451,150,Microcystis,Cyanophyte,Cell,Height,2.5
G19041150451,150,Microcystis,Cyanophyte,Cell,Height,2.75
G19041150451,150,Oocystis,Chlorophyte,Cell,Height,5.25
G19041150451,150,Oocystis,Chlorophyte,Cell,Height,4.25
G19041150451,150,Pseudanabaena,Cyanophyte,Cell,Height,0.75
G19041150451,150,Pseudanabaena,Cyanophyte,Cell,Height,1
G19041150451,150,Pseudanabaena,Cyanophyte,Cell,Height,0.75
G19041150451,150,Pseudanabaena,Cyanophyte,Cell,Height,1
G19041150451,150,Pseudanabaena,Cyanophyte,Cell,Height,0.75
G19041150451,150,Pseudanabaena,Cyanophyte,Cell,Height,1
G19041150451,150,Pseudanabaena,Cyanophyte,Cell,Height,1
G19041150451,150,Pseudanabaena,Cyanophyte,Cell,Height,1
G19041150451,150,Pseudanabaena,Cyanophyte,Cell,Height,1
G19041150451,150,Pseudanabaena,Cyanophyte,Cell,Height,1
G19041150451,150,Pseudanabaena,Cyanophyte,Cell,Height,1
G19041150451,150,Pseudanabaena,Cyanophyte,Cell,Height,1
G19041150451,150,Schroederia,Chlorophyte,Cell,Height,3.75
G19041150451,150,Schroederia,Chlorophyte,Cell,Height,5
G19041150451,150,Stephanodiscus,Bacillariophyte,Cell,Height,12.5
G19041150451,150,Stephanodiscus,Bacillariophyte,Cell,Height,13
G19041150451,150,Stephanodiscus,Bacillariophyte,Cell,Height,13
G19041150451,150,Stephanodiscus,Bacillariophyte,Cell,Height,12
G19041150451,150,Stephanodiscus,Bacillariophyte,Cell,Height,14.25
G19041150451,150,Stephanodiscus,Bacillariophyte,Cell,Height,12.25
G19041150451,150,Stephanodiscus,Bacillariophyte,Cell,Height,14
G19041150451,150,Aphanizomenon,Cyanophyte,Colony,Height,38
G19041150451,150,Aphanizomenon,Cyanophyte,Colony,Height,80
G19041150451,150,Aphanizomenon,Cyanophyte,Colony,Height,52.5
G19041150451,150,Aphanizomenon,Cyanophyte,Colony,Height,46.5
G19041150451,150,Aphanizomenon,Cyanophyte,Colony,Height,18
G19041150451,150,Pseudanabaena,Cyanophyte,Colony,Height,2.25
G19041150451,150,Pseudanabaena,Cyanophyte,Colony,Height,3
G19041150451,150,Pseudanabaena,Cyanophyte,Colony,Height,3
G19041150451,150,Pseudanabaena,Cyanophyte,Colony,Height,3
G19041157451,157,Aphanizomenon,Cyanophyte,Cell,Height,1.75
G19041157451,157,Aphanizomenon,Cyanophyte,Cell,Height,1.75
G19041157451,157,Aphanizomenon,Cyanophyte,Cell,Height,1.75
G19041157451,157,Aphanizomenon,Cyanophyte,Cell,Height,1.75
G19041157451,157,Aphanizomenon,Cyanophyte,Cell,Height,1.75
G19041157451,157,Aphanizomenon,Cyanophyte,Cell,Height,1.75
G19041157451,157,Aphanizomenon,Cyanophyte,Cell,Height,1.75
G19041157451,157,Aphanizomenon,Cyanophyte,Cell,Height,1.75
G19041157451,157,Aphanizomenon,Cyanophyte,Cell,Height,1.75
G19041157451,157,Aphanizomenon,Cyanophyte,Cell,Height,1.75
G19041157451,157,Aphanizomenon,Cyanophyte,Cell,Height,1.75
G19041157451,157,Aphanizomenon,Cyanophyte,Cell,Height,1.75
G19041157451,157,Aphanizomenon,Cyanophyte,Cell,Height,1.75
G19041157451,157,Aphanizomenon,Cyanophyte,Cell,Height,1.75
G19041157451,157,Aphanizomenon,Cyanophyte,Cell,Height,1.75
G19041157451,157,Chalmydomonas,Chlorophyte,Cell,Height,2
G19041157451,157,Cryptomonas,Cryptophyte,Cell,Height,7.5
G19041157451,157,Microcystis,Cyanophyte,Cell,Height,2.25
G19041157451,157,Microcystis,Cyanophyte,Cell,Height,2.5
G19041157451,157,Microcystis,Cyanophyte,Cell,Height,2.5
G19041157451,157,Microcystis,Cyanophyte,Cell,Height,3
G19041157451,157,Microcystis,Cyanophyte,Cell,Height,3.5
G19041157451,157,Microcystis,Cyanophyte,Cell,Height,3.25
G19041157451,157,Microcystis,Cyanophyte,Cell,Height,2.75
G19041157451,157,Microcystis,Cyanophyte,Cell,Height,2.5
G19041157451,157,Microcystis,Cyanophyte,Cell,Height,2.5
G19041157451,157,Microcystis,Cyanophyte,Cell,Height,2.5
G19041157451,157,Microcystis,Cyanophyte,Cell,Height,2.25
G19041157451,157,Microcystis,Cyanophyte,Cell,Height,2
G19041157451,157,Microcystis,Cyanophyte,Cell,Height,1.75
G19041157451,157,Microcystis,Cyanophyte,Cell,Height,2
G19041157451,157,Microcystis,Cyanophyte,Cell,Height,3.25
G19041157451,157,Stephanodiscus,Bacillariophyte,Cell,Height,14.25
G19041157451,157,Stephanodiscus,Bacillariophyte,Cell,Height,13.25
G19041157451,157,Stephanodiscus,Bacillariophyte,Cell,Height,14
G19041157451,157,Stephanodiscus,Bacillariophyte,Cell,Height,12.5
G19041157451,157,Aphanizomenon,Cyanophyte,Colony,Height,54
G19041157451,157,Aphanizomenon,Cyanophyte,Colony,Height,50
G19041157451,157,Aphanizomenon,Cyanophyte,Colony,Height,24
G19041157451,157,Aphanizomenon,Cyanophyte,Colony,Height,37
G19041157451,157,Aphanizomenon,Cyanophyte,Colony,Height,32.25
G19041157451,157,Aphanizomenon,Cyanophyte,Colony,Height,16
G19041157451,157,Aphanizomenon,Cyanophyte,Colony,Height,44.5
G19041164451,164,Aphanizomenon,Cyanophyte,Cell,Height,4
G19041164451,164,Aphanizomenon,Cyanophyte,Cell,Height,3.75
G19041164451,164,Aphanizomenon,Cyanophyte,Cell,Height,4
G19041164451,164,Aphanizomenon,Cyanophyte,Cell,Height,3.75
G19041164451,164,Aphanizomenon,Cyanophyte,Cell,Height,4
G19041164451,164,Aphanizomenon,Cyanophyte,Cell,Height,3.75
G19041164451,164,Aphanizomenon,Cyanophyte,Cell,Height,4
G19041164451,164,Aphanizomenon,Cyanophyte,Cell,Height,3.75
G19041164451,164,Aphanizomenon,Cyanophyte,Cell,Height,4
G19041164451,164,Aphanizomenon,Cyanophyte,Cell,Height,4
G19041164451,164,Aphanizomenon,Cyanophyte,Cell,Height,4
G19041164451,164,Aphanizomenon,Cyanophyte,Cell,Height,4
G19041164451,164,Aphanizomenon,Cyanophyte,Cell,Height,4
G19041164451,164,Aphanizomenon,Cyanophyte,Cell,Height,4
G19041164451,164,Aphanizomenon,Cyanophyte,Cell,Height,4
G19041164451,164,Aphanizomenon,Cyanophyte,Cell,Height,4
G19041164451,164,Aphanizomenon,Cyanophyte,Cell,Height,4
G19041164451,164,Aphanizomenon,Cyanophyte,Cell,Height,4
G19041164451,164,Cryptomonas,Cryptophyte,Cell,Height,12.75
G19041164451,164,Unknown centric chlorophyte,Chlorophyte,Cell,Height,2
G19041164451,164,Unknown centric chlorophyte,Chlorophyte,Cell,Height,2.5
G19041164451,164,Unknown centric chlorophyte,Chlorophyte,Cell,Height,3
G19041164451,164,Unknown centric chlorophyte,Chlorophyte,Cell,Height,3
G19041164451,164,Unknown centric chlorophyte,Chlorophyte,Cell,Height,2
G19041164451,164,Unknown centric chlorophyte,Chlorophyte,Cell,Height,1.5
G19041164451,164,Unknown centric chlorophyte,Chlorophyte,Cell,Height,1.75
G19041164451,164,Unknown centric chlorophyte,Chlorophyte,Cell,Height,1.5
G19041164451,164,Unknown centric chlorophyte,Chlorophyte,Cell,Height,2.25
G19041164451,164,Unknown centric chlorophyte,Chlorophyte,Cell,Height,2
G19041164451,164,Unknown centric chlorophyte,Chlorophyte,Cell,Height,2.25
G19041164451,164,Unknown centric chlorophyte,Chlorophyte,Cell,Height,1.5
G19041164451,164,Unknown centric chlorophyte,Chlorophyte,Cell,Height,1.75
G19041164451,164,Unknown centric chlorophyte,Chlorophyte,Cell,Height,2
G19041164451,164,Unknown centric chlorophyte,Chlorophyte,Cell,Height,2.25
G19041164451,164,Aphanizomenon,Cyanophyte,Colony,Height,56
G19041164451,164,Aphanizomenon,Cyanophyte,Colony,Height,15
G19041172451,172,Aphanizomenon,Cyanophyte,Cell,Height,1.5
G19041172451,172,Aphanizomenon,Cyanophyte,Cell,Height,1.5
G19041172451,172,Aphanizomenon,Cyanophyte,Cell,Height,1.5
G19041172451,172,Aphanizomenon,Cyanophyte,Cell,Height,1.5
G19041172451,172,Aphanizomenon,Cyanophyte,Cell,Height,1.5
G19041172451,172,Aphanizomenon,Cyanophyte,Cell,Height,1.5
G19041172451,172,Aphanizomenon,Cyanophyte,Cell,Height,1.5
G19041172451,172,Aphanizomenon,Cyanophyte,Cell,Height,1.5
G19041172451,172,Aphanizomenon,Cyanophyte,Cell,Height,1.5
G19041172451,172,Aphanizomenon,Cyanophyte,Cell,Height,1.5
G19041172451,172,Aphanizomenon,Cyanophyte,Cell,Height,1.5
G19041172451,172,Aphanizomenon,Cyanophyte,Cell,Height,1.5
G19041172451,172,Aphanizomenon,Cyanophyte,Cell,Height,1.5
G19041172451,172,Aphanizomenon,Cyanophyte,Cell,Height,1.5
G19041172451,172,Aphanizomenon,Cyanophyte,Cell,Height,1.5
G19041172451,172,Chalmydomonas,Chlorophyte,Cell,Height,4.25
G19041172451,172,Dolichospermum,Cyanophyte,Cell,Height,2.5
G19041172451,172,Dolichospermum,Cyanophyte,Cell,Height,3
G19041172451,172,Dolichospermum,Cyanophyte,Cell,Height,2.5
G19041172451,172,Dolichospermum,Cyanophyte,Cell,Height,3
G19041172451,172,Dolichospermum,Cyanophyte,Cell,Height,2.5
G19041172451,172,Dolichospermum,Cyanophyte,Cell,Height,3
G19041172451,172,Dolichospermum,Cyanophyte,Cell,Height,3
G19041172451,172,Dolichospermum,Cyanophyte,Cell,Height,3
G19041172451,172,Dolichospermum,Cyanophyte,Cell,Height,3
G19041172451,172,Dolichospermum,Cyanophyte,Cell,Height,3
G19041172451,172,Dolichospermum,Cyanophyte,Cell,Height,3
G19041172451,172,Dolichospermum,Cyanophyte,Cell,Height,3
G19041172451,172,Dolichospermum,Cyanophyte,Cell,Height,3
G19041172451,172,Dolichospermum,Cyanophyte,Cell,Height,3
G19041172451,172,Dolichospermum,Cyanophyte,Cell,Height,3
G19041172451,172,Dolichospermum,Cyanophyte,Cell,Height,3
G19041172451,172,Dolichospermum,Cyanophyte,Cell,Height,3
G19041172451,172,Dolichospermum,Cyanophyte,Cell,Height,3
G19041172451,172,Pseudanabaena,Cyanophyte,Cell,Height,0.75
G19041172451,172,Aphanizomenon,Cyanophyte,Colony,Height,54
G19041172451,172,Aphanocapsa,Cyanophyte,Colony,Height,3.5
G19041172451,172,Dolichospermum,Cyanophyte,Colony,Height,7.5
G19041172451,172,Dolichospermum,Cyanophyte,Colony,Height,180
G19041172451,172,Dolichospermum,Cyanophyte,Colony,Height,250
G19041172451,172,Microcystis,Cyanophyte,Colony,Height,19
G19041172451,172,Microcystis,Cyanophyte,Colony,Height,16
G19041172451,172,Microcystis,Cyanophyte,Colony,Height,20
G19041172451,172,Microcystis,Cyanophyte,Colony,Height,10.25
G19041172451,172,Microcystis,Cyanophyte,Colony,Height,14
G19041172451,172,Pseudanabaena,Cyanophyte,Colony,Height,2.25
G19041178451,178,Aphanizomenon,Cyanophyte,Cell,Height,1.25
G19041178451,178,Aphanizomenon,Cyanophyte,Cell,Height,1.25
G19041178451,178,Aphanizomenon,Cyanophyte,Cell,Height,1.25
G19041178451,178,Aphanizomenon,Cyanophyte,Cell,Height,1.25
G19041178451,178,Chalmydomonas,Chlorophyte,Cell,Height,3
G19041178451,178,Chalmydomonas,Chlorophyte,Cell,Height,3.25
G19041178451,178,Chalmydomonas,Chlorophyte,Cell,Height,2.25
G19041178451,178,Chalmydomonas,Chlorophyte,Cell,Height,1.5
G19041178451,178,Chalmydomonas,Chlorophyte,Cell,Height,1.75
G19041178451,178,Dolichospermum,Cyanophyte,Cell,Height,3.75
G19041178451,178,Dolichospermum,Cyanophyte,Cell,Height,4
G19041178451,178,Dolichospermum,Chlorophyte,Cell,Height,3
G19041178451,178,Dolichospermum,Cyanophyte,Cell,Height,3.75
G19041178451,178,Dolichospermum,Cyanophyte,Cell,Height,4
G19041178451,178,Dolichospermum,Chlorophyte,Cell,Height,3
G19041178451,178,Dolichospermum,Cyanophyte,Cell,Height,3.75
G19041178451,178,Dolichospermum,Cyanophyte,Cell,Height,4
G19041178451,178,Dolichospermum,Chlorophyte,Cell,Height,3
G19041178451,178,Dolichospermum,Cyanophyte,Cell,Height,3.75
G19041178451,178,Dolichospermum,Cyanophyte,Cell,Height,4
G19041178451,178,Dolichospermum,Chlorophyte,Cell,Height,3
G19041178451,178,Dolichospermum,Cyanophyte,Cell,Height,3.75
G19041178451,178,Dolichospermum,Cyanophyte,Cell,Height,4
G19041178451,178,Dolichospermum,Chlorophyte,Cell,Height,3
G19041178451,178,Dolichospermum,Cyanophyte,Cell,Height,3.75
G19041178451,178,Dolichospermum,Chlorophyte,Cell,Height,3
G19041178451,178,Dolichospermum,Cyanophyte,Cell,Height,3.75
G19041178451,178,Dolichospermum,Cyanophyte,Cell,Height,3.75
G19041178451,178,Dolichospermum,Cyanophyte,Cell,Height,3.75
G19041178451,178,Dolichospermum,Cyanophyte,Cell,Height,3.75
G19041178451,178,Microcystis,Cyanophyte,Cell,Height,3
G19041178451,178,Microcystis,Cyanophyte,Cell,Height,2
G19041178451,178,Microcystis,Cyanophyte,Cell,Height,3.25
G19041178451,178,Microcystis,Cyanophyte,Cell,Height,1.25
G19041178451,178,Microcystis,Cyanophyte,Cell,Height,1.75
G19041178451,178,Microcystis,Cyanophyte,Cell,Height,1.5
G19041178451,178,Microcystis,Cyanophyte,Cell,Height,2.25
G19041178451,178,Microcystis,Cyanophyte,Cell,Height,2
G19041178451,178,Microcystis,Cyanophyte,Cell,Height,2.5
G19041178451,178,Microcystis,Cyanophyte,Cell,Height,1.5
G19041178451,178,Microcystis,Cyanophyte,Cell,Height,3
G19041178451,178,Microcystis,Cyanophyte,Cell,Height,3
G19041178451,178,Microcystis,Cyanophyte,Cell,Height,3
G19041178451,178,Microcystis,Cyanophyte,Cell,Height,2.25
G19041178451,178,Microcystis,Cyanophyte,Cell,Height,2.25
G19041178451,178,Oocystis,Chlorophyte,Cell,Height,4
G19041178451,178,Pseudanabaena,Cyanophyte,Cell,Height,0.75
G19041178451,178,Pseudanabaena,Cyanophyte,Cell,Height,0.75
G19041178451,178,Pseudanabaena,Cyanophyte,Cell,Height,0.75
G19041178451,178,Pseudanabaena,Cyanophyte,Cell,Height,0.75
G19041178451,178,Aphanizomenon,Cyanophyte,Colony,Height,5
G19041178451,178,Dolichospermum,Cyanophyte,Colony,Height,22.5
G19041178451,178,Dolichospermum,Cyanophyte,Colony,Height,20
G19041178451,178,Dolichospermum,Chlorophyte,Colony,Height,18
G19041178451,178,Dolichospermum,Chlorophyte,Colony,Height,13
G19041178451,178,Microcystis,Cyanophyte,Colony,Height,12.75
G19041178451,178,Microcystis,Cyanophyte,Colony,Height,12.5
G19041178451,178,Microcystis,Cyanophyte,Colony,Height,14
G19041178451,178,Pseudanabaena,Cyanophyte,Colony,Height,3
G19041192451,192,Aphanothece,Cyanophyte,Cell,Height,0.5
G19041192451,192,Aphanothece,Cyanophyte,Cell,Height,0.5
G19041192451,192,Aphanothece,Cyanophyte,Cell,Height,0.5
G19041192451,192,Aphanothece,Cyanophyte,Cell,Height,0.5
G19041192451,192,Aphanothece,Cyanophyte,Cell,Height,0.5
G19041192451,192,Aphanothece,Cyanophyte,Cell,Height,0.5
G19041192451,192,Aphanothece,Cyanophyte,Cell,Height,0.5
G19041192451,192,Aphanothece,Cyanophyte,Cell,Height,0.5
G19041192451,192,Aphanothece,Cyanophyte,Cell,Height,0.5
G19041192451,192,Aphanothece,Cyanophyte,Cell,Height,0.5
G19041192451,192,Aphanothece,Cyanophyte,Cell,Height,0.5
G19041192451,192,Aphanothece,Cyanophyte,Cell,Height,0.5
G19041192451,192,Aphanothece,Cyanophyte,Cell,Height,0.5
G19041192451,192,Aphanothece,Cyanophyte,Cell,Height,0.5
G19041192451,192,Aphanothece,Cyanophyte,Cell,Height,0.5
G19041192451,192,Pseudanabaena,Cyanophyte,Cell,Height,1
G19041192451,192,Pseudanabaena,Cyanophyte,Cell,Height,1
G19041192451,192,Aphanocapsa,Cyanophyte,Colony,Height,3.75
G19041192451,192,Aphanothece,Cyanophyte,Colony,Height,21.5
G19041192451,192,Microcystis,Cyanophyte,Colony,Height,13
G19041192451,192,Microcystis,Cyanophyte,Colony,Height,7.75
G19041192451,192,Microcystis,Cyanophyte,Colony,Height,29
G19041192451,192,Microcystis,Cyanophyte,Colony,Height,21.25
G19041192451,192,Microcystis,Cyanophyte,Colony,Height,25.5
G19041192451,192,Microcystis,Cyanophyte,Colony,Height,5
G19041192451,192,Microcystis,Cyanophyte,Colony,Height,10
G19041192451,192,Microcystis,Cyanophyte,Colony,Height,15
G19041192451,192,Microcystis,Cyanophyte,Colony,Height,17.5
G19041192451,192,Microcystis,Cyanophyte,Colony,Height,15
G19041192451,192,Microcystis,Cyanophyte,Colony,Height,15.5
G19041192451,192,Microcystis,Cyanophyte,Colony,Height,5.5
G19041192451,192,Microcystis,Cyanophyte,Colony,Height,14.5
G19041192451,192,Microcystis,Cyanophyte,Colony,Height,6.5
G19041192451,192,Microcystis,Cyanophyte,Colony,Height,6
G19041192451,192,Pseudanabaena,Cyanophyte,Colony,Height,2
G19041199451,199,Aphanothece,Cyanophyte,Cell,Height,0.5
G19041199451,199,Aphanothece,Cyanophyte,Cell,Height,0.5
G19041199451,199,Aphanothece,Cyanophyte,Cell,Height,0.5
G19041199451,199,Aphanothece,Cyanophyte,Cell,Height,0.5
G19041199451,199,Aphanothece,Cyanophyte,Cell,Height,0.5
G19041199451,199,Aphanothece,Cyanophyte,Cell,Height,0.5
G19041199451,199,Aphanothece,Cyanophyte,Cell,Height,0.5
G19041199451,199,Aphanothece,Cyanophyte,Cell,Height,0.5
G19041199451,199,Aphanothece,Cyanophyte,Cell,Height,0.5
G19041199451,199,Aphanothece,Cyanophyte,Cell,Height,0.5
G19041199451,199,Aphanothece,Cyanophyte,Cell,Height,0.5
G19041199451,199,Aphanothece,Cyanophyte,Cell,Height,0.5
G19041199451,199,Aphanothece,Cyanophyte,Cell,Height,0.5
G19041199451,199,Aphanothece,Cyanophyte,Cell,Height,0.5
G19041199451,199,Aphanothece,Cyanophyte,Cell,Height,0.5
G19041199451,199,Cryptomonas,Cryptophyte,Cell,Height,8
G19041199451,199,Cryptomonas,Cryptophyte,Cell,Height,9.75
G19041199451,199,Desmodesmus,Chlorophyte,Cell,Height,1.25
G19041199451,199,Desmodesmus,Chlorophyte,Cell,Height,1.25
G19041199451,199,Pseudanabaena,Cyanophyte,Cell,Height,0.75
G19041199451,199,Pseudanabaena,Cyanophyte,Cell,Height,0.75
G19041199451,199,Pseudanabaena,Cyanophyte,Cell,Height,0.75
G19041199451,199,Pseudanabaena,Cyanophyte,Cell,Height,0.75
G19041199451,199,Pseudanabaena,Cyanophyte,Cell,Height,0.75
G19041199451,199,Pseudanabaena,Cyanophyte,Cell,Height,0.75
G19041199451,199,Pseudanabaena,Cyanophyte,Cell,Height,0.75
G19041199451,199,Pseudanabaena,Cyanophyte,Cell,Height,0.75
G19041199451,199,Pseudanabaena,Cyanophyte,Cell,Height,0.75
G19041199451,199,Pseudanabaena,Cyanophyte,Cell,Height,0.75
G19041199451,199,Pseudanabaena,Cyanophyte,Cell,Height,0.75
G19041199451,199,Pseudanabaena,Cyanophyte,Cell,Height,0.75
G19041199451,199,Pseudanabaena,Cyanophyte,Cell,Height,0.75
G19041199451,199,Pseudanabaena,Cyanophyte,Cell,Height,0.75
G19041199451,199,Pseudanabaena,Cyanophyte,Cell,Height,0.75
G19041199451,199,Aphanocapsa,Cyanophyte,Colony,Height,5
G19041199451,199,Aphanocapsa,Cyanophyte,Colony,Height,4
G19041199451,199,Aphanocapsa,Cyanophyte,Colony,Height,6
G19041199451,199,Aphanocapsa,Cyanophyte,Colony,Height,6
G19041199451,199,Aphanothece,Cyanophyte,Colony,Height,28
G19041199451,199,Aphanothece,Cyanophyte,Colony,Height,6
G19041199451,199,Aphanothece,Cyanophyte,Colony,Height,19.5
G19041199451,199,Aphanothece,Cyanophyte,Colony,Height,6.5
G19041199451,199,Aphanothece,Cyanophyte,Colony,Height,25
G19041199451,199,Aphanothece,Cyanophyte,Colony,Height,8
G19041199451,199,Aphanothece,Cyanophyte,Colony,Height,16.5
G19041199451,199,Aphanothece,Cyanophyte,Colony,Height,18.5
G19041199451,199,Aphanothece,Cyanophyte,Colony,Height,39.5
G19041199451,199,Aphanothece,Cyanophyte,Colony,Height,8
G19041199451,199,Aphanothece,Cyanophyte,Colony,Height,7
G19041199451,199,Aphanothece,Cyanophyte,Colony,Height,8
G19041199451,199,Desmodesmus,Chlorophyte,Colony,Height,2.5
G19041199451,199,Desmodesmus,Chlorophyte,Colony,Diameter,2.25
G19041199451,199,Microcystis,Cyanophyte,Colony,Height,24
G19041199451,199,Microcystis,Cyanophyte,Colony,Diameter,15.75
G19041199451,199,Microcystis,Cyanophyte,Colony,Height,14.75
G19041199451,199,Microcystis,Cyanophyte,Colony,Diameter,8
G19041199451,199,Microcystis,Cyanophyte,Colony,Height,16
G19041199451,199,Microcystis,Cyanophyte,Colony,Diameter,10.5
G19041199451,199,Microcystis,Cyanophyte,Colony,Height,16
G19041199451,199,Microcystis,Cyanophyte,Colony,Diameter,11
G19041199451,199,Microcystis,Cyanophyte,Colony,Height,74.75
G19041199451,199,Microcystis,Cyanophyte,Colony,Diameter,22
G19041199451,199,Microcystis,Cyanophyte,Colony,Height,20
G19041199451,199,Microcystis,Cyanophyte,Colony,Diameter,14
G19041199451,199,Microcystis,Cyanophyte,Colony,Height,24
G19041199451,199,Microcystis,Cyanophyte,Colony,Diameter,14
G19041199451,199,Microcystis,Cyanophyte,Colony,Height,19.5
G19041199451,199,Microcystis,Cyanophyte,Colony,Diameter,10.25
G19041199451,199,Microcystis,Cyanophyte,Colony,Height,15.5
G19041199451,199,Microcystis,Cyanophyte,Colony,Diameter,14.75
G19041199451,199,Microcystis,Cyanophyte,Colony,Height,15.25
G19041199451,199,Microcystis,Cyanophyte,Colony,Diameter,6.25
G19041199451,199,Microcystis,Cyanophyte,Colony,Height,35
G19041199451,199,Microcystis,Cyanophyte,Colony,Diameter,12
G19041199451,199,Microcystis,Cyanophyte,Colony,Height,15
G19041199451,199,Microcystis,Cyanophyte,Colony,Diameter,10
G19041199451,199,Microcystis,Cyanophyte,Colony,Height,6
G19041199451,199,Microcystis,Cyanophyte,Colony,Diameter,5
G19041199451,199,Microcystis,Cyanophyte,Colony,Height,5
G19041199451,199,Microcystis,Cyanophyte,Colony,Diameter,5
G19041199451,199,Microcystis,Cyanophyte,Colony,Height,5.5
G19041199451,199,Microcystis,Cyanophyte,Colony,Diameter,5
G19041199451,199,Pseudanabaena,Cyanophyte,Colony,Height,35
G19041199451,199,Pseudanabaena,Cyanophyte,Colony,Height,40
G19041199451,199,Snowella,Cyanophyte,Colony,Diameter,6
G19041199451,199,Snowella,Cyanophyte,Colony,Diameter,5.5
G19041206451,206,Aphanothece,Cyanophyte,Cell,Height,0.5
G19041206451,206,Aphanothece,Cyanophyte,Cell,Height,0.5
G19041206451,206,Aphanothece,Cyanophyte,Cell,Height,0.5
G19041206451,206,Aphanothece,Cyanophyte,Cell,Height,0.5
G19041206451,206,Aphanothece,Cyanophyte,Cell,Height,0.5
G19041206451,206,Aphanothece,Cyanophyte,Cell,Height,0.5
G19041206451,206,Aphanothece,Cyanophyte,Cell,Height,0.5
G19041206451,206,Aphanothece,Cyanophyte,Cell,Height,0.5
G19041206451,206,Aphanothece,Cyanophyte,Cell,Height,0.5
G19041206451,206,Aphanothece,Cyanophyte,Cell,Height,0.5
G19041206451,206,Aphanothece,Cyanophyte,Cell,Height,0.5
G19041206451,206,Aphanothece,Cyanophyte,Cell,Height,0.5
G19041206451,206,Aphanothece,Cyanophyte,Cell,Height,0.5
G19041206451,206,Aphanothece,Cyanophyte,Cell,Height,0.5
G19041206451,206,Cryptomonas,Cryptophyte,Cell,Height,14
G19041206451,206,Desmodesmus,Chlorophyte,Cell,Height,3.5
G19041206451,206,Monoraphidium,Chlorophyte,Cell,Height,5.5
G19041206451,206,Pseudanabaena,Cyanophyte,Cell,Height,1
G19041206451,206,Pseudanabaena,Cyanophyte,Cell,Height,1
G19041206451,206,Pseudanabaena,Cyanophyte,Cell,Height,1
G19041206451,206,Pseudanabaena,Cyanophyte,Cell,Height,1
G19041206451,206,Pseudanabaena,Cyanophyte,Cell,Height,1
G19041206451,206,Pseudanabaena,Cyanophyte,Cell,Height,1
G19041206451,206,Pseudanabaena,Cyanophyte,Cell,Height,1
G19041206451,206,Pseudanabaena,Cyanophyte,Cell,Height,1
G19041206451,206,Pseudanabaena,Cyanophyte,Cell,Height,1
G19041206451,206,Pseudanabaena,Cyanophyte,Cell,Height,1
G19041206451,206,Stephanodiscus,Bacillariophyte,Cell,Height,14
G19041206451,206,Unknwon pennate bacillariophyte,Bacillariophyte,Cell,Height,60.5
G19041206451,206,Aphanothece,Cyanophyte,Colony,Height,15
G19041206451,206,Aphanothece,Cyanophyte,Colony,Height,50
G19041206451,206,Aphanothece,Cyanophyte,Colony,Height,30.5
G19041206451,206,Aphanothece,Cyanophyte,Colony,Height,30
G19041206451,206,Merismopedia,Cyanophyte,Colony,Diameter,0.5
G19041206451,206,Merismopedia,Cyanophyte,Colony,Diameter,1.5
G19041206451,206,Merismopedia,Cyanophyte,Colony,Diameter,1
G19041206451,206,Merismopedia,Cyanophyte,Colony,Diameter,0.5
G19041206451,206,Merismopedia,Cyanophyte,Colony,Diameter,0.5
G19041206451,206,Merismopedia,Cyanophyte,Colony,Diameter,1
G19041206451,206,Merismopedia,Cyanophyte,Colony,Diameter,0.5
G19041206451,206,Merismopedia,Cyanophyte,Colony,Diameter,0.5
G19041206451,206,Microcystis,Cyanophyte,Colony,Height,26
G19041206451,206,Microcystis,Cyanophyte,Colony,Height,17
G19041206451,206,Microcystis,Cyanophyte,Colony,Height,18.75
G19041206451,206,Microcystis,Cyanophyte,Colony,Height,15.75
G19041206451,206,Microcystis,Cyanophyte,Colony,Height,16
G19041206451,206,Microcystis,Cyanophyte,Colony,Height,6
G19041206451,206,Microcystis,Cyanophyte,Colony,Height,21.5
G19041206451,206,Microcystis,Cyanophyte,Colony,Height,15
G19041206451,206,Microcystis,Cyanophyte,Colony,Height,18
G19041206451,206,Microcystis,Cyanophyte,Colony,Height,16.75
G19041206451,206,Microcystis,Cyanophyte,Colony,Height,15.5
G19041206451,206,Microcystis,Cyanophyte,Colony,Height,13
G19041206451,206,Microcystis,Cyanophyte,Colony,Height,4
G19041206451,206,Microcystis,Cyanophyte,Colony,Height,33
G19041206451,206,Pseudanabaena,Cyanophyte,Colony,Height,4
G19041206451,206,Pseudanabaena,Cyanophyte,Colony,Height,3
G19041206451,206,Pseudanabaena,Cyanophyte,Colony,Height,3
G19041206451,206,Pseudanabaena,Cyanophyte,Colony,Diameter,0.75
G19041206451,206,Snowella,Cyanophyte,Colony,Height,6
G19041206451,206,Snowella,Cyanophyte,Colony,Height,7
G19041206451,206,Snowella,Cyanophyte,Colony,Height,6.5
G19041206451,206,Snowella,Cyanophyte,Colony,Height,7
G19041206451,206,Snowella,Cyanophyte,Colony,Diameter,5.75
G19041206451,206,Snowella,Cyanophyte,Colony,Diameter,6.75
G19041206451,206,Snowella,Cyanophyte,Colony,Diameter,6.5
G19041206451,206,Snowella,Cyanophyte,Colony,Diameter,6.75
G19041206451,206,Snowella,Cyanophyte,Colony,Height,7
G19041206451,206,Snowella,Cyanophyte,Colony,Diameter,7
G19041213451,213,Aphanothece,Cyanophyte,Cell,Height,0.5
G19041213451,213,Aphanothece,Cyanophyte,Cell,Height,0.5
G19041213451,213,Aphanothece,Cyanophyte,Cell,Height,0.5
G19041213451,213,Aphanothece,Cyanophyte,Cell,Height,0.5
G19041213451,213,Aphanothece,Cyanophyte,Cell,Height,0.5
G19041213451,213,Aphanothece,Cyanophyte,Cell,Height,0.5
G19041213451,213,Aphanothece,Cyanophyte,Cell,Height,0.5
G19041213451,213,Aphanothece,Cyanophyte,Cell,Height,0.5
G19041213451,213,Aphanothece,Cyanophyte,Cell,Height,0.5
G19041213451,213,Aphanothece,Cyanophyte,Cell,Height,0.5
G19041213451,213,Aphanothece,Cyanophyte,Cell,Height,0.5
G19041213451,213,Aphanothece,Cyanophyte,Cell,Height,0.5
G19041213451,213,Aphanothece,Cyanophyte,Cell,Height,0.5
G19041213451,213,Aphanothece,Cyanophyte,Cell,Height,0.5
G19041213451,213,Aphanothece,Cyanophyte,Cell,Height,0.5
G19041213451,213,Mallomonas,Chrysophyte,Cell,Diameter,16.25
G19041213451,213,Mallomonas,Chrysophyte,Cell,Diameter,12
G19041213451,213,Aphanothece,Cyanophyte,Colony,Height,38.5
G19041213451,213,Merismopedia,Cyanophyte,Colony,Diameter,0.5
G19041213451,213,Merismopedia,Cyanophyte,Colony,Diameter,0.5
G19041213451,213,Merismopedia,Cyanophyte,Colony,Diameter,0.5
G19041213451,213,Microcystis,Cyanophyte,Colony,Height,26.5
G19041213451,213,Microcystis,Cyanophyte,Colony,Height,34
G19041213451,213,Microcystis,Cyanophyte,Colony,Height,21
G19041213451,213,Microcystis,Cyanophyte,Colony,Height,30
G19041213451,213,Microcystis,Cyanophyte,Colony,Height,28.75
G19041213451,213,Microcystis,Cyanophyte,Colony,Height,17.25
G19041213451,213,Microcystis,Cyanophyte,Colony,Height,21.75
G19041213451,213,Microcystis,Cyanophyte,Colony,Height,9
G19041213451,213,Microcystis,Cyanophyte,Colony,Height,9.75
G19041213451,213,Microcystis,Cyanophyte,Colony,Height,5.75
G19041213451,213,Microcystis,Cyanophyte,Colony,Height,7.75
G19041213451,213,Microcystis,Cyanophyte,Colony,Height,18.5
G19041213451,213,Microcystis,Cyanophyte,Colony,Height,8.5
G19041213451,213,Microcystis,Cyanophyte,Colony,Height,8.5
G19041213451,213,Microcystis,Cyanophyte,Colony,Height,6
G19041213451,213,Snowella,Cyanophyte,Colony,Diameter,5
G19041213451,213,Snowella,Cyanophyte,Colony,Diameter,6.25
G19041213451,213,Snowella,Cyanophyte,Colony,Diameter,3
G19041213451,213,Snowella,Cyanophyte,Colony,Diameter,3
G19041213451,213,Snowella,Cyanophyte,Colony,Diameter,4
G19041213451,213,Snowella,Cyanophyte,Colony,Diameter,3
G19041213451,213,Snowella,Cyanophyte,Colony,Diameter,2.25
G19041213451,213,Snowella,Cyanophyte,Colony,Diameter,6.75
G19041213451,213,Snowella,Cyanophyte,Colony,Diameter,3
G19041213451,213,Snowella,Cyanophyte,Colony,Diameter,3.75
G19041213451,213,Snowella,Cyanophyte,Colony,Diameter,1.75
G19041213451,213,Snowella,Cyanophyte,Colony,Diameter,2.5
G19041213451,213,Snowella,Cyanophyte,Colony,Diameter,3.25
G19041213451,213,Snowella,Cyanophyte,Colony,Diameter,3
G19041213451,213,Snowella,Cyanophyte,Colony,Diameter,2
G19041213451,213,Snowella,Cyanophyte,Colony,Diameter,5
G19041213451,213,Snowella,Cyanophyte,Colony,Diameter,4.25
G19041220451,220,Aphanothece,Cyanophyte,Cell,Height,0.5
G19041220451,220,Aphanothece,Cyanophyte,Cell,Height,0.5
G19041220451,220,Aphanothece,Cyanophyte,Cell,Height,0.5
G19041220451,220,Aphanothece,Cyanophyte,Cell,Height,0.5
G19041220451,220,Aphanothece,Cyanophyte,Cell,Height,0.5
G19041220451,220,Aphanothece,Cyanophyte,Cell,Height,0.5
G19041220451,220,Aphanothece,Cyanophyte,Cell,Height,0.5
G19041220451,220,Aphanothece,Cyanophyte,Cell,Height,0.5
G19041220451,220,Aphanothece,Cyanophyte,Cell,Height,0.5
G19041220451,220,Aphanothece,Cyanophyte,Cell,Height,0.5
G19041220451,220,Aphanothece,Cyanophyte,Cell,Height,0.5
G19041220451,220,Aphanothece,Cyanophyte,Cell,Height,0.5
G19041220451,220,Aphanothece,Cyanophyte,Cell,Height,0.5
G19041220451,220,Aphanothece,Cyanophyte,Cell,Height,0.5
G19041220451,220,Aphanothece,Cyanophyte,Cell,Height,0.5
G19041220451,220,Desmodesmus,Chlorophyte,Cell,Height,1.5
G19041220451,220,Desmodesmus,Chlorophyte,Cell,Height,1
G19041220451,220,Desmodesmus,Chlorophyte,Cell,Height,1.5
G19041220451,220,Desmodesmus,Chlorophyte,Cell,Height,1
G19041220451,220,Oocystis,Chlorophyte,Cell,Height,4.25
G19041220451,220,Aphanocapsa,Cyanophyte,Colony,Height,6.5
G19041220451,220,Aphanocapsa,Cyanophyte,Colony,Height,5
G19041220451,220,Aphanocapsa,Cyanophyte,Colony,Height,5
G19041220451,220,Aphanocapsa,Cyanophyte,Colony,Height,5.25
G19041220451,220,Aphanothece,Cyanophyte,Colony,Height,20.25
G19041220451,220,Aphanothece,Cyanophyte,Colony,Height,13
G19041220451,220,Aphanothece,Cyanophyte,Colony,Height,14
G19041220451,220,Aphanothece,Cyanophyte,Colony,Height,15
G19041220451,220,Aphanothece,Cyanophyte,Colony,Height,24
G19041220451,220,Aphanothece,Cyanophyte,Colony,Height,8
G19041220451,220,Aphanothece,Cyanophyte,Colony,Height,6.75
G19041220451,220,Aphanothece,Cyanophyte,Colony,Height,20
G19041220451,220,Aphanothece,Cyanophyte,Colony,Height,7
G19041220451,220,Desmodesmus,Chlorophyte,Colony,Height,3
G19041220451,220,Desmodesmus,Chlorophyte,Colony,Height,2
G19041220451,220,Merismopedia,Cyanophyte,Colony,Diameter,0.5
G19041220451,220,Merismopedia,Cyanophyte,Colony,Diameter,0.5
G19041220451,220,Merismopedia,Cyanophyte,Colony,Diameter,0.5
G19041220451,220,Merismopedia,Cyanophyte,Colony,Diameter,0.5
G19041220451,220,Merismopedia,Cyanophyte,Colony,Diameter,0.5
G19041220451,220,Merismopedia,Cyanophyte,Colony,Diameter,0.5
G19041220451,220,Merismopedia,Cyanophyte,Colony,Diameter,0.5
G19041220451,220,Merismopedia,Cyanophyte,Colony,Diameter,0.5
G19041220451,220,Merismopedia,Cyanophyte,Colony,Diameter,0.5
G19041220451,220,Merismopedia,Cyanophyte,Colony,Diameter,0.5
G19041220451,220,Merismopedia,Cyanophyte,Colony,Diameter,0.5
G19041220451,220,Merismopedia,Cyanophyte,Colony,Diameter,0.5
G19041220451,220,Merismopedia,Cyanophyte,Colony,Diameter,0.5
G19041220451,220,Merismopedia,Cyanophyte,Colony,Diameter,0.5
G19041220451,220,Merismopedia,Cyanophyte,Colony,Diameter,0.5
G19041220451,220,Merismopedia,Cyanophyte,Colony,Diameter,0.5
G19041220451,220,Merismopedia,Cyanophyte,Colony,Diameter,0.5
G19041220451,220,Merismopedia,Cyanophyte,Colony,Diameter,0.5
G19041220451,220,Microcystis,Cyanophyte,Colony,Height,3.75
G19041220451,220,Microcystis,Cyanophyte,Colony,Height,7.25
G19041220451,220,Microcystis,Cyanophyte,Colony,Height,10
G19041220451,220,Microcystis,Cyanophyte,Colony,Height,4
G19041220451,220,Microcystis,Cyanophyte,Colony,Height,9.5
G19041220451,220,Microcystis,Cyanophyte,Colony,Height,14
G19041220451,220,Microcystis,Cyanophyte,Colony,Height,3.75
G19041220451,220,Microcystis,Cyanophyte,Colony,Height,7
G19041220451,220,Microcystis,Cyanophyte,Colony,Height,13
G19041220451,220,Microcystis,Cyanophyte,Colony,Height,14
G19041220451,220,Microcystis,Cyanophyte,Colony,Height,8.5
G19041220451,220,Microcystis,Cyanophyte,Colony,Height,5.75
G19041220451,220,Microcystis,Cyanophyte,Colony,Height,13.25
G19041220451,220,Microcystis,Cyanophyte,Colony,Height,9.25
G19041220451,220,Microcystis,Cyanophyte,Colony,Height,5
G19041220451,220,Snowella,Cyanophyte,Colony,Diameter,2.5
G19041220451,220,Snowella,Cyanophyte,Colony,Diameter,3.25
G19041220451,220,Snowella,Cyanophyte,Colony,Diameter,6.5
G19041220451,220,Snowella,Cyanophyte,Colony,Diameter,3
G19041220451,220,Snowella,Cyanophyte,Colony,Diameter,2
G19041220451,220,Snowella,Cyanophyte,Colony,Diameter,4
G19041220451,220,Snowella,Cyanophyte,Colony,Diameter,4.25
G19041220451,220,Snowella,Cyanophyte,Colony,Diameter,2.75
G19041220451,220,Snowella,Cyanophyte,Colony,Diameter,1.75
G19041220451,220,Snowella,Cyanophyte,Colony,Diameter,3
G19041220451,220,Snowella,Cyanophyte,Colony,Diameter,6
G19041220451,220,Snowella,Cyanophyte,Colony,Diameter,3.25
G19041220451,220,Snowella,Cyanophyte,Colony,Diameter,3.5
G19041220451,220,Snowella,Cyanophyte,Colony,Diameter,5
G19041220451,220,Snowella,Cyanophyte,Colony,Diameter,3.75
G19041220451,220,Snowella,Cyanophyte,Colony,Diameter,4.25
G19041227451,227,Aphanothece,Cyanophyte,Cell,Height,0.5
G19041227451,227,Aphanothece,Cyanophyte,Cell,Height,0.5
G19041227451,227,Aphanothece,Cyanophyte,Cell,Height,0.5
G19041227451,227,Aphanothece,Cyanophyte,Cell,Height,0.5
G19041227451,227,Aphanothece,Cyanophyte,Cell,Height,0.5
G19041227451,227,Aphanothece,Cyanophyte,Cell,Height,0.5
G19041227451,227,Aphanothece,Cyanophyte,Cell,Height,0.5
G19041227451,227,Aphanothece,Cyanophyte,Cell,Height,0.5
G19041227451,227,Aphanothece,Cyanophyte,Cell,Height,0.5
G19041227451,227,Aphanothece,Cyanophyte,Cell,Height,0.5
G19041227451,227,Aphanothece,Cyanophyte,Cell,Height,0.5
G19041227451,227,Aphanothece,Cyanophyte,Cell,Height,0.5
G19041227451,227,Aphanothece,Cyanophyte,Cell,Height,0.5
G19041227451,227,Aphanothece,Cyanophyte,Cell,Height,0.5
G19041227451,227,Aphanothece,Cyanophyte,Cell,Height,0.5
G19041227451,227,Chalmydomonas,Chlorophyte,Cell,Height,4
G19041227451,227,Cryptomonas,Cryptophyte,Cell,Height,8.75
G19041227451,227,Komma,Cryptophyte,Cell,Height,2.25
G19041227451,227,Komma,Cryptophyte,Cell,Height,1.75
G19041227451,227,Komma,Cryptophyte,Cell,Height,3
G19041227451,227,Planktolyngbya,Cyanophyte,Cell,Height,0.5
G19041227451,227,Planktolyngbya,Cyanophyte,Cell,Height,0.5
G19041227451,227,Planktolyngbya,Cyanophyte,Cell,Height,0.5
G19041227451,227,Planktolyngbya,Cyanophyte,Cell,Height,0.5
G19041227451,227,Planktolyngbya,Cyanophyte,Cell,Height,0.5
G19041227451,227,Planktolyngbya,Cyanophyte,Cell,Height,0.5
G19041227451,227,Planktolyngbya,Cyanophyte,Cell,Height,0.5
G19041227451,227,Planktolyngbya,Cyanophyte,Cell,Height,0.5
G19041227451,227,Planktolyngbya,Cyanophyte,Cell,Height,0.5
G19041227451,227,Planktolyngbya,Cyanophyte,Cell,Height,0.5
G19041227451,227,Planktolyngbya,Cyanophyte,Cell,Height,0.5
G19041227451,227,Planktolyngbya,Cyanophyte,Cell,Height,0.5
G19041227451,227,Planktolyngbya,Cyanophyte,Cell,Height,0.5
G19041227451,227,Planktolyngbya,Cyanophyte,Cell,Height,0.5
G19041227451,227,Planktolyngbya,Cyanophyte,Cell,Height,0.5
G19041227451,227,Pseudanabaena,Cyanophyte,Cell,Height,1
G19041227451,227,Pseudanabaena,Cyanophyte,Cell,Height,1
G19041227451,227,Pseudanabaena,Cyanophyte,Cell,Height,1
G19041227451,227,Pseudanabaena,Cyanophyte,Cell,Height,1
G19041227451,227,Pseudanabaena,Cyanophyte,Cell,Height,1
G19041227451,227,Pseudanabaena,Cyanophyte,Cell,Height,1
G19041227451,227,Pseudanabaena,Cyanophyte,Cell,Height,1
G19041227451,227,Pseudanabaena,Cyanophyte,Cell,Height,1
G19041227451,227,Pseudanabaena,Cyanophyte,Cell,Height,1
G19041227451,227,Aphanothece,Cyanophyte,Colony,Height,8.75
G19041227451,227,Aphanothece,Cyanophyte,Colony,Height,7
G19041227451,227,Merismopedia,Cyanophyte,Colony,Diameter,0.5
G19041227451,227,Merismopedia,Cyanophyte,Colony,Diameter,0.5
G19041227451,227,Merismopedia,Cyanophyte,Colony,Diameter,0.25
G19041227451,227,Merismopedia,Cyanophyte,Colony,Diameter,0.5
G19041227451,227,Microcystis,Cyanophyte,Colony,Height,3.5
G19041227451,227,Microcystis,Cyanophyte,Colony,Height,3
G19041227451,227,Microcystis,Cyanophyte,Colony,Height,52.5
G19041227451,227,Microcystis,Cyanophyte,Colony,Height,3.25
G19041227451,227,Microcystis,Cyanophyte,Colony,Height,3.25
G19041227451,227,Microcystis,Cyanophyte,Colony,Height,2.75
G19041227451,227,Microcystis,Cyanophyte,Colony,Height,2.75
G19041227451,227,Microcystis,Cyanophyte,Colony,Height,3.25
G19041227451,227,Microcystis,Cyanophyte,Colony,Height,1.25
G19041227451,227,Microcystis,Cyanophyte,Colony,Height,3
G19041227451,227,Microcystis,Cyanophyte,Colony,Height,1.5
G19041227451,227,Microcystis,Cyanophyte,Colony,Height,2.25
G19041227451,227,Microcystis,Cyanophyte,Colony,Height,2
G19041227451,227,Microcystis,Cyanophyte,Colony,Height,2.25
G19041227451,227,Microcystis,Cyanophyte,Colony,Height,2.75
G19041227451,227,Microcystis,Cyanophyte,Colony,Height,2
G19041227451,227,Planktolyngbya,Cyanophyte,Colony,Height,8
G19041227451,227,Planktolyngbya,Cyanophyte,Colony,Height,8.5
G19041227451,227,Planktolyngbya,Cyanophyte,Colony,Height,8.5
G19041227451,227,Planktolyngbya,Cyanophyte,Colony,Height,15.75
G19041227451,227,Planktolyngbya,Cyanophyte,Colony,Height,4.5
G19041227451,227,Planktolyngbya,Cyanophyte,Colony,Height,4.75
G19041227451,227,Planktolyngbya,Cyanophyte,Colony,Height,15.75
G19041227451,227,Planktolyngbya,Cyanophyte,Colony,Height,14
G19041227451,227,Planktolyngbya,Cyanophyte,Colony,Height,15
G19041227451,227,Planktolyngbya,Cyanophyte,Colony,Height,13.5
G19041227451,227,Planktolyngbya,Cyanophyte,Colony,Height,20.25
G19041227451,227,Planktolyngbya,Cyanophyte,Colony,Height,21.5
G19041227451,227,Planktolyngbya,Cyanophyte,Colony,Height,15
G19041227451,227,Pseudanabaena,Cyanophyte,Colony,Height,9
G19041227451,227,Snowella,Cyanophyte,Colony,Diameter,4
G19041227451,227,Snowella,Cyanophyte,Colony,Diameter,5
G19041245451,245,Aphanocapsa,Cyanophyte,Cell,Height,0.25
G19041245451,245,Aphanocapsa,Cyanophyte,Cell,Height,0.25
G19041245451,245,Aphanocapsa,Cyanophyte,Cell,Height,0.25
G19041245451,245,Aphanocapsa,Cyanophyte,Cell,Height,0.25
G19041245451,245,Aphanocapsa,Cyanophyte,Cell,Height,0.25
G19041245451,245,Aphanocapsa,Cyanophyte,Cell,Height,0.25
G19041245451,245,Aphanocapsa,Cyanophyte,Cell,Height,0.25
G19041245451,245,Aphanocapsa,Cyanophyte,Cell,Height,0.25
G19041245451,245,Aphanocapsa,Cyanophyte,Cell,Height,0.25
G19041245451,245,Aphanocapsa,Cyanophyte,Cell,Height,0.25
G19041245451,245,Aphanocapsa,Cyanophyte,Cell,Height,0.25
G19041245451,245,Aphanocapsa,Cyanophyte,Cell,Height,0.25
G19041245451,245,Aphanocapsa,Cyanophyte,Cell,Height,0.25
G19041245451,245,Aphanocapsa,Cyanophyte,Cell,Height,0.25
G19041245451,245,Aphanocapsa,Cyanophyte,Cell,Height,0.25
G19041245451,245,Chalmydomonas,Chlorophyte,Cell,Height,2.25
G19041245451,245,Chalmydomonas,Chlorophyte,Cell,Height,3.25
G19041245451,245,Euglena,Euglenophyte,Cell,Height,4.25
G19041245451,245,Pseudanabaena,Cyanophyte,Cell,Height,0.75
G19041245451,245,Pseudanabaena,Cyanophyte,Cell,Height,0.5
G19041245451,245,Pseudanabaena,Cyanophyte,Cell,Height,0.75
G19041245451,245,Pseudanabaena,Cyanophyte,Cell,Height,0.5
G19041245451,245,Pseudanabaena,Cyanophyte,Cell,Height,0.75
G19041245451,245,Pseudanabaena,Cyanophyte,Cell,Height,0.5
G19041245451,245,Pseudanabaena,Cyanophyte,Cell,Height,0.75
G19041245451,245,Pseudanabaena,Cyanophyte,Cell,Height,0.5
G19041245451,245,Pseudanabaena,Cyanophyte,Cell,Height,0.75
G19041245451,245,Pseudanabaena,Cyanophyte,Cell,Height,0.75
G19041245451,245,Pseudanabaena,Cyanophyte,Cell,Height,0.75
G19041245451,245,Pseudanabaena,Cyanophyte,Cell,Height,0.75
G19041245451,245,Pseudanabaena,Cyanophyte,Cell,Height,0.75
G19041245451,245,Pseudanabaena,Cyanophyte,Cell,Height,0.75
G19041245451,245,Pseudanabaena,Cyanophyte,Cell,Height,0.75
G19041245451,245,Schroederia,Chlorophyte,Cell,Height,25
G19041245451,245,Aphanocapsa,Cyanophyte,Colony,Height,4.75
G19041245451,245,Aphanocapsa,Cyanophyte,Colony,Height,12.5
G19041245451,245,Aphanocapsa,Cyanophyte,Colony,Height,9.75
G19041245451,245,Merismopedia,Cyanophyte,Colony,Diameter,0.5
G19041245451,245,Microcystis,Cyanophyte,Colony,Height,9
G19041245451,245,Microcystis,Cyanophyte,Colony,Height,18
G19041245451,245,Microcystis,Cyanophyte,Colony,Height,5.75
G19041245451,245,Microcystis,Cyanophyte,Colony,Height,10
G19041245451,245,Microcystis,Cyanophyte,Colony,Height,6.75
G19041245451,245,Microcystis,Cyanophyte,Colony,Height,9.25
G19041245451,245,Microcystis,Cyanophyte,Colony,Height,9
G19041245451,245,Microcystis,Cyanophyte,Colony,Height,6.75
G19041245451,245,Microcystis,Cyanophyte,Colony,Height,14.25
G19041245451,245,Microcystis,Cyanophyte,Colony,Height,9.75
G19041245451,245,Microcystis,Cyanophyte,Colony,Height,17
G19041245451,245,Pseudanabaena,Cyanophyte,Colony,Height,3
G19041245451,245,Pseudanabaena,Cyanophyte,Colony,Height,1
G19041245451,245,Pseudanabaena,Cyanophyte,Colony,Height,1
G19041245451,245,Pseudanabaena,Cyanophyte,Colony,Height,2.5
G19041245451,245,Pseudanabaena,Cyanophyte,Colony,Height,2.75
G19041245451,245,Pseudanabaena,Cyanophyte,Colony,Height,2
G19041245451,245,Pseudanabaena,Cyanophyte,Colony,Height,0.5
G19041245451,245,Pseudanabaena,Cyanophyte,Colony,Height,1.25
G19041245451,245,Pseudanabaena,Cyanophyte,Colony,Height,2.5
G19041245451,245,Pseudanabaena,Cyanophyte,Colony,Height,1.5
G19041245451,245,Pseudanabaena,Cyanophyte,Colony,Height,1
G19041245451,245,Pseudanabaena,Cyanophyte,Colony,Height,3.75
G19041245451,245,Pseudanabaena,Cyanophyte,Colony,Height,1.25
G19041245451,245,Pseudanabaena,Cyanophyte,Colony,Height,3.75
G19041245451,245,Pseudanabaena,Cyanophyte,Colony,Height,2.5
G19041245451,245,Pseudanabaena,Cyanophyte,Colony,Height,3.5
G19041245451,245,Pseudanabaena,Cyanophyte,Colony,Height,2.25
G19041245451,245,Pseudanabaena,Cyanophyte,Colony,Height,2.25
G19041245451,245,Snowella,Cyanophyte,Colony,Diameter,6.75
G19041251451,251,Aphanocapsa,Cyanophyte,Cell,Height,0.25
G19041251451,251,Aphanocapsa,Cyanophyte,Cell,Height,0.25
G19041251451,251,Aphanocapsa,Cyanophyte,Cell,Height,0.25
G19041251451,251,Aphanocapsa,Cyanophyte,Cell,Height,0.25
G19041251451,251,Aphanocapsa,Cyanophyte,Cell,Height,0.25
G19041251451,251,Aphanocapsa,Cyanophyte,Cell,Height,0.25
G19041251451,251,Aphanocapsa,Cyanophyte,Cell,Height,0.25
G19041251451,251,Aphanocapsa,Cyanophyte,Cell,Height,0.25
G19041251451,251,Aphanocapsa,Cyanophyte,Cell,Height,0.25
G19041251451,251,Aphanocapsa,Cyanophyte,Cell,Height,0.25
G19041251451,251,Aphanocapsa,Cyanophyte,Cell,Height,0.25
G19041251451,251,Aphanocapsa,Cyanophyte,Cell,Height,0.25
G19041251451,251,Aphanocapsa,Cyanophyte,Cell,Height,0.25
G19041251451,251,Aphanocapsa,Cyanophyte,Cell,Height,0.25
G19041251451,251,Aphanocapsa,Cyanophyte,Cell,Height,0.25
G19041251451,251,Chalmydomonas,Cyanophyte,Cell,Height,2.25
G19041251451,251,Pseudanabaena,Cyanophyte,Cell,Height,0.75
G19041251451,251,Pseudanabaena,Cyanophyte,Cell,Height,0.5
G19041251451,251,Pseudanabaena,Cyanophyte,Cell,Height,0.75
G19041251451,251,Pseudanabaena,Cyanophyte,Cell,Height,0.5
G19041251451,251,Pseudanabaena,Cyanophyte,Cell,Height,0.75
G19041251451,251,Pseudanabaena,Cyanophyte,Cell,Height,0.5
G19041251451,251,Pseudanabaena,Cyanophyte,Cell,Height,0.75
G19041251451,251,Pseudanabaena,Cyanophyte,Cell,Height,0.5
G19041251451,251,Pseudanabaena,Cyanophyte,Cell,Height,0.75
G19041251451,251,Pseudanabaena,Cyanophyte,Cell,Height,0.75
G19041251451,251,Pseudanabaena,Cyanophyte,Cell,Height,0.75
G19041251451,251,Pseudanabaena,Cyanophyte,Cell,Height,0.75
G19041251451,251,Pseudanabaena,Cyanophyte,Cell,Height,0.75
G19041251451,251,Pseudanabaena,Cyanophyte,Cell,Height,0.75
G19041251451,251,Pseudanabaena,Cyanophyte,Cell,Height,0.75
G19041251451,251,Stephanodiscus,Bacillariophyte,Cell,Height,13.5
G19041251451,251,Aphanocapsa,Cyanophyte,Colony,Height,4.75
G19041251451,251,Aphanocapsa,Cyanophyte,Colony,Height,12.5
G19041251451,251,Aphanocapsa,Cyanophyte,Colony,Height,9.75
G19041251451,251,Merismopedia,Cyanophyte,Colony,Diameter,0.5
G19041251451,251,Microcystis,Cyanophyte,Colony,Height,9
G19041251451,251,Microcystis,Cyanophyte,Colony,Height,18
G19041251451,251,Microcystis,Cyanophyte,Colony,Height,5.75
G19041251451,251,Microcystis,Cyanophyte,Colony,Height,10
G19041251451,251,Microcystis,Cyanophyte,Colony,Height,6.75
G19041251451,251,Microcystis,Cyanophyte,Colony,Height,9.25
G19041251451,251,Microcystis,Cyanophyte,Colony,Height,9
G19041251451,251,Microcystis,Cyanophyte,Colony,Height,6.75
G19041251451,251,Microcystis,Cyanophyte,Colony,Height,14.25
G19041251451,251,Microcystis,Cyanophyte,Colony,Height,9.75
G19041251451,251,Microcystis,Cyanophyte,Colony,Height,17
G19041251451,251,Pseudanabaena,Cyanophyte,Colony,Height,3
G19041251451,251,Pseudanabaena,Cyanophyte,Colony,Height,1
G19041251451,251,Pseudanabaena,Cyanophyte,Colony,Height,1
G19041251451,251,Pseudanabaena,Cyanophyte,Colony,Height,2.75
G19041251451,251,Pseudanabaena,Cyanophyte,Colony,Height,2
G19041251451,251,Pseudanabaena,Cyanophyte,Colony,Height,0.5
G19041251451,251,Pseudanabaena,Cyanophyte,Colony,Height,2.5
G19041251451,251,Pseudanabaena,Cyanophyte,Colony,Height,1.5
G19041251451,251,Pseudanabaena,Cyanophyte,Colony,Height,1
G19041251451,251,Pseudanabaena,Cyanophyte,Colony,Height,1.25
G19041251451,251,Pseudanabaena,Cyanophyte,Colony,Height,2.5
G19041251451,251,Pseudanabaena,Cyanophyte,Colony,Height,2.25
G19041251451,251,Snowella,Cyanophyte,Colony,Diameter,6.75
